Sample Type,Sample ID,1UR3_01,2UR3_02,3UR3_03,4UR3_04,5UR3_05,6UR3_06,7UR3_07,8UR3_08,1UR3_09,9UR3_10,1UR3_11,2UR3_12,2UR3_13,3UR3_14,3UR3_15,4UR3_16,4UR3_17,5UR3_18,5UR3_19,6UR3_20,,,BV01,BV02,BV03,BV04,BV05,BV06,BV07,BV08,BV09,BV10,BV11,BV12,BV13,BV14,BV15,BV16,BV17,BV18,BV19,BV20,,Mean norm of mean norm ,,,,BV01,BV02,BV03,BV04,BV05,BV06,BV07,BV08,BV09,BV10,BV11,BV12,BV13,BV14,BV15,BV16,BV17,BV18,BV19,BV20
Control,CI1,0.452322723,0.394167683,2.199976436,1.283419651,0.45557282,0.210890032,1.396510078,1.907617716,1.562082944,0.428331807,1.317971505,3.279703761,2.081671621,0.430029423,0.529320444,0.194774416,0.315326702,0.488704214,0.600120566,0.471485458,,Controls ,0.478739167,0.38777877,2.271704127,1.262233515,0.63369434,0.255054491,1.211084854,1.80778073,1.472985122,0.378531918,1.597409754,2.574015459,2.152987566,0.538110083,0.702052784,0.321952812,0.392058038,0.501909709,0.532978323,0.526938437,,,,,Controls ,0.478739167,0.38777877,2.271704127,1.262233515,0.63369434,0.255054491,1.211084854,1.80778073,1.472985122,0.378531918,1.597409754,2.574015459,2.152987566,0.538110083,0.702052784,0.321952812,0.392058038,0.501909709,0.532978323,0.526938437
Control,CI10,0.508742724,0.361018233,1.808748553,1.273332095,0.542242188,0.294985331,1.427853543,1.896993174,1.438177842,0.417890051,1.755832747,2.053633231,2.303715159,0.617160985,0.849079775,0.298133681,0.52540624,0.598329614,0.549018122,0.479706713,,HI ,0.545506631,0.441760962,2.399441064,1.674950782,0.769349147,0.223248503,1.237623276,1.40212217,1.350510631,0.411295633,1.643477349,1.78504774,2.153516056,0.472987098,0.717528131,0.348826529,0.419548373,0.50774586,0.793644022,0.701870046,,,,,HI ,0.545506631,0.441760962,2.399441064,1.674950782,0.769349147,0.223248503,1.237623276,1.40212217,1.350510631,0.411295633,1.643477349,1.78504774,2.153516056,0.472987098,0.717528131,0.348826529,0.419548373,0.50774586,0.793644022,0.701870046
Control,CI2,0.533572018,0.358129865,2.187342794,1.308189167,0.659337761,0.315437077,0.946556261,1.673615025,1.484208848,0.378828896,2.027527588,2.468568552,1.94486662,0.69089707,0.646516204,0.287595395,0.431343982,0.41626693,0.676029404,0.565170544,,KP,0.512261965,0.335608808,3.037379258,1.572076714,0.666573353,0.199900331,1.05407113,1.23743123,1.126160596,0.300923193,1.653530081,2.334121365,2.253437682,0.380347418,0.832887349,0.416134997,0.353158906,0.394853814,0.631255654,0.707886154,,,,,KP,0.512261965,0.335608808,3.037379258,1.572076714,0.666573353,0.199900331,1.05407113,1.23743123,1.126160596,0.300923193,1.653530081,2.334121365,2.253437682,0.380347418,0.832887349,0.416134997,0.353158906,0.394853814,0.631255654,0.707886154
Control,CI3,0.58327819,0.357454028,2.560043429,1.008222805,0.493002701,0.270704713,0.759807641,1.650726559,1.444383456,0.296699075,1.246310455,3.064326064,2.276902128,0.451375103,0.740242999,0.303618867,0.379692739,0.482256988,0.81083848,0.82011358,,PA01,0.500772564,0.505585354,1.155900782,0.993878087,0.706942356,0.246849154,1.96543425,0.851238396,0.948350266,0.350714123,1.228029542,1.855599655,3.27473994,0.396141111,0.621251753,0.367575483,0.351027283,0.778275556,1.400802492,1.500891853,,,,,PA01,0.500772564,0.505585354,1.155900782,0.993878087,0.706942356,0.246849154,1.96543425,0.851238396,0.948350266,0.350714123,1.228029542,1.855599655,3.27473994,0.396141111,0.621251753,0.367575483,0.351027283,0.778275556,1.400802492,1.500891853
Control,CI4,0.553350624,0.351959277,1.911495666,1.187597202,0.723804607,0.315503893,1.866004685,1.930722285,1.411677448,0.269824797,1.362232745,1.944325411,2.438831411,0.569407407,0.734161575,0.486408972,0.366527818,0.59835462,0.488263002,0.489546555,,PA14,0.697015328,0.728312914,1.536686219,1.072307063,0.750153257,0.304133454,1.154864266,0.877202704,0.942409924,0.339785077,1.023656248,1.687629951,2.920678262,0.36380839,0.653964988,0.392042879,0.445206632,0.88552867,1.761700111,1.462913664,,,,,PA14,0.697015328,0.728312914,1.536686219,1.072307063,0.750153257,0.304133454,1.154864266,0.877202704,0.942409924,0.339785077,1.023656248,1.687629951,2.920678262,0.36380839,0.653964988,0.392042879,0.445206632,0.88552867,1.761700111,1.462913664
Control,CI5,0.434309952,0.340146276,2.507599268,1.380427193,0.655224791,0.199454592,1.1716673,1.745552729,1.536175232,0.390752059,1.783540048,2.253120791,2.216031817,0.5147006,0.595472485,0.324359025,0.367657521,0.531702639,0.456937518,0.595168165,,PR8,0.524681504,0.477509546,2.325964979,1.564742894,0.734441448,0.310407514,1.457919889,1.02216445,1.074381081,0.384373334,1.469543088,1.206215313,2.579847826,0.428217623,0.717348434,0.349357718,0.407465938,0.760901905,1.11499577,1.089519745,,,,,PR8,0.524681504,0.477509546,2.325964979,1.564742894,0.734441448,0.310407514,1.457919889,1.02216445,1.074381081,0.384373334,1.469543088,1.206215313,2.579847826,0.428217623,0.717348434,0.349357718,0.407465938,0.760901905,1.11499577,1.089519745
Control,CI6,0.569707177,0.391675879,2.216644162,0.957165062,0.461728193,0.467540417,1.496937201,1.44407984,1.575975487,0.483843865,1.632257866,2.633670897,1.790792579,0.696315471,0.791805731,0.424266419,0.430700038,0.519883827,0.45138911,0.563620778,,PVM,0.430752731,0.36382767,2.487351946,1.735929296,0.533723396,0.198863305,2.851471314,0.947327823,1.162823807,0.315641385,1.633100993,1.162823807,2.728364835,0.332873934,0.543679218,0.266876123,0.307128695,0.518751729,0.723923452,0.754764541,,,,,PVM,0.430752731,0.36382767,2.487351946,1.735929296,0.533723396,0.198863305,2.851471314,0.947327823,1.162823807,0.315641385,1.633100993,1.162823807,2.728364835,0.332873934,0.543679218,0.266876123,0.307128695,0.518751729,0.723923452,0.754764541
Control,CI7,0.423586472,0.333125193,2.436028735,1.300166743,0.700546173,0.251835143,1.106176407,1.945351471,1.648323432,0.380023227,1.664844879,2.292319932,2.290291531,0.471683749,0.563539708,0.253728,0.465020822,0.475208778,0.513097055,0.48510255,,SA,0.498139809,0.538653205,1.636679821,1.433574487,0.731255172,0.221186395,1.45780533,1.166991806,1.216868534,0.437463164,1.362665228,1.468625987,2.824309745,0.435325093,0.553694756,0.332991726,0.4064538,0.742931021,1.19657921,1.337805709,,,,,SA,0.498139809,0.538653205,1.636679821,1.433574487,0.731255172,0.221186395,1.45780533,1.166991806,1.216868534,0.437463164,1.362665228,1.468625987,2.824309745,0.435325093,0.553694756,0.332991726,0.4064538,0.742931021,1.19657921,1.337805709
Control,CI8,0.580736985,0.392368942,1.592750192,0.861117334,0.786570223,0.329927521,1.394757389,1.820154763,1.374498651,0.430615647,1.646264088,2.85723385,2.127977655,0.604534954,1.065292991,0.304554909,0.279428674,0.503256311,0.505815314,0.542143606,,SP,0.419080499,0.369273596,3.75096038,2.515783617,0.706989914,0.20643042,0.927470716,1.174456541,1.336343631,0.359265109,1.528821828,1.451600821,2.002099569,0.370088601,0.518892013,0.231151104,0.293963499,0.449733621,0.640746114,0.746848408,,,,,SP,0.419080499,0.369273596,3.75096038,2.515783617,0.706989914,0.20643042,0.927470716,1.174456541,1.336343631,0.359265109,1.528821828,1.451600821,2.002099569,0.370088601,0.518892013,0.231151104,0.293963499,0.449733621,0.640746114,0.746848408
Control,CI9,0.381001849,0.337784651,2.53987795,1.293871949,0.657395518,0.233684889,0.893568624,1.810214551,1.466072747,0.327801652,1.534954737,2.741186842,2.11100655,0.504412258,0.693357657,0.297215647,0.371446199,0.495692435,0.558338351,0.751114943,,,,,,,,,,,,,,,,,,,,,,,,,,,,,,,,,,,,,,,,,,,,,,,
Control,CII1,0.488981678,0.310180913,2.146203448,1.35928635,0.524754963,0.230073023,1.205816264,2.123589399,1.490387332,0.540536178,1.504712529,2.796461478,1.785507428,0.504705194,0.921781979,0.259511266,0.454953009,0.46286496,0.448603638,0.441088972,,Fold change vs. controls ,,,,,,,,,,,,,,,,,,,,,,FC of (mean mean norm),,,,BV01,BV02,BV03,BV04,BV05,BV06,BV07,BV08,BV09,BV10,BV11,BV12,BV13,BV14,BV15,BV16,BV17,BV18,BV19,BV20
Control,CII10,0.502022725,0.703605551,2.286423876,1.292365526,0.574534893,0.145866259,0.829829456,2.164286744,1.090067298,0.540890536,1.516854108,2.563830193,1.796708875,0.554988171,0.728166606,0.709358687,0.439794741,0.558481025,0.481804907,0.520119823,,,,,,,,,,,,,,,,,,,,,,,,,,,Controls ,1,1,1,1,1,1,1,1,1,1,1,1,1,1,1,1,1,1,1,1
Control,CII2,0.395471971,0.379719107,2.247710341,1.067780392,0.91304288,0,0.921927964,1.741274783,1.745153139,0.400265496,1.269297058,2.981319188,2.505364002,0.581983545,0.702875905,0.322993749,0.355770653,0.440932596,0.475786576,0.551330655,,,BV01,BV02,BV03,BV04,BV05,BV06,BV07,BV08,BV09,BV10,BV11,BV12,BV13,BV14,BV15,BV16,BV17,BV18,BV19,BV20,,,,,HI ,1.13946522,1.139208732,1.056229566,1.326973782,1.214069777,0.875297282,1.021912933,0.775604113,0.916852866,1.086554695,1.028838934,0.693487576,1.000245468,0.878978322,1.022042997,1.083470981,1.070118025,1.011627888,1.489073735,1.331977318
Control,CII3,0.530028136,0.407806791,2.168386828,1.114109439,0.889583776,0.228191495,0.935834453,1.823567375,1.677032405,0.329603409,1.474445636,2.459734505,2.179629594,0.555058399,0.830355401,0.328093814,0.415654989,0.524380599,0.598151714,0.530351244,,Controls ,1,1,1,1,1,1,1,1,1,1,1,1,1,1,1,1,1,1,1,1,,,,,KP,1.070023094,0.865464625,1.337048792,1.24547217,1.051884656,0.783755387,0.87035283,0.684502943,0.764543089,0.794974422,1.03513208,0.906801611,1.046656153,0.706820835,1.186360011,1.292534127,0.900782211,0.786702879,1.184392736,1.343394418
Control,CII4,0.493991621,0.411857712,2.50244814,1.360756043,0.539301085,0.174710178,1.424567416,1.800929727,1.670805911,0.3802978,1.531485592,2.32119775,2.091908879,0.461641112,0.618066615,0.307551635,0.350043784,0.614687938,0.432201465,0.511549595,,HI ,1.13946522,1.139208732,1.056229566,1.326973782,1.214069777,0.875297282,1.021912933,0.775604113,0.916852866,1.086554695,1.028838934,0.693487576,1.000245468,0.878978322,1.022042997,1.083470981,1.070118025,1.011627888,1.489073735,1.331977318,,,,,PA01,1.046023802,1.303798436,0.508825409,0.78739637,1.115588875,0.96782908,1.622870803,0.470874803,0.643828815,0.926511362,0.768763017,0.720896857,1.521021297,0.736171136,0.88490747,1.14170608,0.895345201,1.550628612,2.628254155,2.848324869
Control,CII5,0.549576604,0.408103629,2.209172184,1.648362644,0.696946034,0.625389379,1.020360476,2.42272205,1.043037866,0.392756264,1.317780077,2.06758069,1.901392569,0.777780699,0.673401176,0.272092112,0.486389,0.564009601,0.475392596,0.447754351,,KP,1.070023094,0.865464625,1.337048792,1.24547217,1.051884656,0.783755387,0.87035283,0.684502943,0.764543089,0.794974422,1.03513208,0.906801611,1.046656153,0.706820835,1.186360011,1.292534127,0.900782211,0.786702879,1.184392736,1.343394418,,,,,PA14,1.455939633,1.87816603,0.676446462,0.849531446,1.183777744,1.192425401,0.953578325,0.485237335,0.639795956,0.897639169,0.640822585,0.655640954,1.356569963,0.676085436,0.931504017,1.217702918,1.135563078,1.764318668,3.305387921,2.776251574
Control,CII6,0.428384949,0.51043228,2.458821191,1.073927322,0.621652311,0.217193607,1.30663557,1.488560903,1.485168973,0.326409744,1.355054477,3.080049488,2.064801332,0.552144869,0.622561817,0.361727852,0.402174773,0.467906795,0.575715768,0.600675978,,PA01,1.046023802,1.303798436,0.508825409,0.78739637,1.115588875,0.96782908,1.622870803,0.470874803,0.643828815,0.926511362,0.768763017,0.720896857,1.521021297,0.736171136,0.88490747,1.14170608,0.895345201,1.550628612,2.628254155,2.848324869,,,,,PR8,1.095965276,1.231396822,1.023885528,1.239661976,1.158983759,1.217024303,1.203813163,0.565425017,0.729390314,1.015431767,0.919953747,0.468612303,1.198264155,0.79578071,1.021787037,1.08512088,1.039300048,1.51601352,2.092009604,2.067641435
Control,CII7,0.458331213,0.391536539,2.60118934,1.470441898,0.492637252,0.21510437,0.886153263,1.721393402,1.403005497,0.36283135,1.901459807,2.622969147,1.900755095,0.543549603,0.733667281,0.203785592,0.421123944,0.430049605,0.662458497,0.577557305,,PA14,1.455939633,1.87816603,0.676446462,0.849531446,1.183777744,1.192425401,0.953578325,0.485237335,0.639795956,0.897639169,0.640822585,0.655640954,1.356569963,0.676085436,0.931504017,1.217702918,1.135563078,1.764318668,3.305387921,2.776251574,,,,,PVM,0.899764967,0.938235143,1.094927775,1.375283793,0.842241065,0.779689487,2.354476901,0.524028057,0.789433504,0.833856724,1.022343196,0.451754788,1.267245979,0.61859821,0.774413591,0.828929311,0.783375584,1.033555876,1.358260591,1.432358106
Control,CII8,0.445274337,0.367035332,2.527216281,1.428987212,0.675737125,0.190937454,0.847886473,1.944002537,1.626478405,0.320816063,1.704772552,2.695525461,1.941289684,0.596887541,0.558600932,0.252696366,0.368609898,0.454664548,0.564424112,0.488157687,,PR8,1.095965276,1.231396822,1.023885528,1.239661976,1.158983759,1.217024303,1.203813163,0.565425017,0.729390314,1.015431767,0.919953747,0.468612303,1.198264155,0.79578071,1.021787037,1.08512088,1.039300048,1.51601352,2.092009604,2.067641435,,,,,SA,1.040524451,1.389073477,0.720463462,1.135744274,1.153955662,0.867212314,1.203718572,0.645538359,0.826124117,1.155683692,0.853046768,0.57055834,1.311809594,0.808988916,0.788679667,1.034287367,1.036718447,1.480208506,2.245080444,2.53882734
Control,CII9,0.552447557,0.378611106,2.321100493,1.308596164,0.76934119,0.276673856,0.987300831,1.726921448,1.401942346,0.387434085,1.591723133,2.411385972,1.97335724,0.527853588,0.756261301,0.331278432,0.439010395,0.549499184,0.623029765,0.686231913,,PVM,0.899764967,0.938235143,1.094927775,1.375283793,0.842241065,0.779689487,2.354476901,0.524028057,0.789433504,0.833856724,1.022343196,0.451754788,1.267245979,0.61859821,0.774413591,0.828929311,0.783375584,1.033555876,1.358260591,1.432358106,,,,,SP,0.875383774,0.952279041,1.651165896,1.993120597,1.115663923,0.809358105,0.765818111,0.649667585,0.907234982,0.94910123,0.957063036,0.563944096,0.929916921,0.687756304,0.739106837,0.717965786,0.749795873,0.896044872,1.2021992,1.417335225
Control,CIII1,0.496766146,0.393488977,1.701954057,0.882378827,0.62636019,0.202365944,2.347787345,1.134437546,1.315559652,0.354971221,1.885354673,2.281909011,2.824822037,0.539180839,0.625329612,0.358441607,0.302687609,0.565879393,0.635791041,0.524534273,,SA,1.040524451,1.389073477,0.720463462,1.135744274,1.153955662,0.867212314,1.203718572,0.645538359,0.826124117,1.155683692,0.853046768,0.57055834,1.311809594,0.808988916,0.788679667,1.034287367,1.036718447,1.480208506,2.245080444,2.53882734,,,,,,,,,,,,,,,,,,,,,,,,,
Control,CIII10,0.457155476,0.418531409,2.269072222,1.211836032,0.607792255,0.287534824,1.158937339,2.000349429,1.537753495,0.27313029,1.723258481,2.441486573,2.492592499,0.397702579,0.569556689,0.194296462,0.447819723,0.481222773,0.53285556,0.497115889,,SP,0.875383774,0.952279041,1.651165896,1.993120597,1.115663923,0.809358105,0.765818111,0.649667585,0.907234982,0.94910123,0.957063036,0.563944096,0.929916921,0.687756304,0.739106837,0.717965786,0.749795873,0.896044872,1.2021992,1.417335225,,,,,,,,,,,,,,,,,,,,,,,,,
Control,CIII2,0.513778907,0.252690779,3.083083508,1.15375401,0.40132901,0.311490212,0.660557426,1.703943854,1.719778825,0.321670853,1.506353921,2.98905151,2.236048788,0.51687705,0.740484894,0.205508401,0.358923946,0.484806979,0.473349827,0.3665173,,,,,,,,,,,,,,,,,,,,,,,,,,,,,,,,,,,,,,,,,,,,,,,
Control,CIII3,0.355312467,0.405041232,1.986617996,1.067914982,0.579181229,0.280629288,1.460348621,1.794251528,1.389862614,0.333612317,1.557601548,2.80045317,2.457956337,0.524684635,0.782162647,0.305558855,0.334841878,0.547860349,0.517205468,0.518902837,,,BV01,BV02,BV03,BV04,BV05,BV06,BV07,BV08,BV09,BV10,BV11,BV12,BV13,BV14,BV15,BV16,BV17,BV18,BV19,BV20,,,,,,BV01,BV02,BV03,BV04,BV05,BV06,BV07,BV08,BV09,BV10,BV11,BV12,BV13,BV14,BV15,BV16,BV17,BV18,BV19,BV20
Control,CIII4,0.414495202,0.355650962,2.294205522,1.664757783,0.64373821,0.282271276,1.096600231,1.744854454,1.617341162,0.328732483,1.688077812,2.703444019,1.989347544,0.481210163,0.659934919,0.311232504,0.326467197,0.480905181,0.507491774,0.409241602,,Controls ,0.478739167,0.38777877,2.271704127,1.262233515,0.63369434,0.255054491,1.211084854,1.80778073,1.472985122,0.378531918,1.597409754,2.574015459,2.152987566,0.538110083,0.702052784,0.321952812,0.392058038,0.501909709,0.532978323,0.526938437,,,,,Controls ,0.478739167,0.38777877,2.271704127,1.262233515,0.63369434,0.255054491,1.211084854,1.80778073,1.472985122,0.378531918,1.597409754,2.574015459,2.152987566,0.538110083,0.702052784,0.321952812,0.392058038,0.501909709,0.532978323,0.526938437
Control,CIII5,0.446651446,0.398229739,2.311411168,1.192130128,0.826967257,0.213894984,0.768541733,2.245730825,1.438722167,0.419953029,1.447169199,2.807192414,1.936688505,0.510997521,0.682100889,0.375642925,0.448050165,0.507608058,0.611793746,0.410524102,,Bacterial ,0.492420062,0.420800121,2.713978568,1.802279621,0.717239146,0.212420718,1.167489263,1.241228085,1.255085213,0.376363471,1.544653013,1.759202856,2.312310627,0.41319218,0.654166522,0.331851719,0.3669666,0.524228136,0.816118102,0.878005977,,,,,Bacterial ,0.492420062,0.420800121,2.713978568,1.802279621,0.717239146,0.212420718,1.167489263,1.241228085,1.255085213,0.376363471,1.544653013,1.759202856,2.312310627,0.41319218,0.654166522,0.331851719,0.3669666,0.524228136,0.816118102,0.878005977
Control,CIII6,0.631096755,0.438835553,1.918575619,1.323118967,0.702913902,0.203980452,1.638403389,1.655200147,1.56158306,0.49123858,1.683428345,2.243214342,2.146930739,0.391088665,0.788462059,0.31577885,0.384104855,0.539930132,0.481599589,0.460515999,,Viral ,0.474954506,0.417325023,2.411405138,1.655370989,0.62817895,0.251354698,2.195682408,0.982545059,1.121203701,0.347985832,1.556132567,1.183243339,2.658474478,0.377741553,0.625405908,0.305690991,0.354346221,0.632704753,0.907957484,0.912296402,,,,,Viral ,0.474954506,0.417325023,2.411405138,1.655370989,0.62817895,0.251354698,2.195682408,0.982545059,1.121203701,0.347985832,1.556132567,1.183243339,2.658474478,0.377741553,0.625405908,0.305690991,0.354346221,0.632704753,0.907957484,0.912296402
Control,CIII7,0.349267457,0.356928397,2.16450727,1.470750327,0.652496212,0.238229033,1.626029131,1.651352108,1.426622064,0.385159218,1.764375567,2.14491303,2.297196205,0.490219225,0.73350223,0.435093667,0.319412328,0.552714886,0.458770399,0.482461247,,,,,,,,,,,,,,,,,,,,,,,,,,,,,,,,,,,,,,,,,,,,,,,
Control,CIII8,0.460987171,0.422091174,2.611765975,1.449127863,0.57913098,0.134563554,1.27771651,1.344143963,1.468045234,0.338048053,1.748641385,2.811593283,2.114211754,0.57855641,0.555290142,0.310822739,0.38268476,0.417542031,0.391412462,0.603624557,,,,,,,,,,,,,,,,,,,,,,,,,,FC,,BV01,BV02,BV03,BV04,BV05,BV06,BV07,BV08,BV09,BV10,BV11,BV12,BV13,BV14,BV15,BV16,BV17,BV18,BV19,BV20
Control,CIII9,0.371544494,0.305155906,2.380751173,1.473114341,0.557964479,0.302571938,1.471472593,2.176881572,1.13963014,0.322989499,1.77871006,2.409063214,2.371030789,0.505675652,0.570230855,0.322463507,0.390672753,0.301688297,0.431663865,0.416724874,,,,,,,,,,,,,,,,,,,,,,,,,,,Controls ,1,1,1,1,1,1,1,1,1,1,1,1,1,1,1,1,1,1,1,1
HI,HI1,0.540667793,0.523619639,2.636665415,1.74169768,0.807599166,0,1.07415666,1.176570847,1.126001162,0.390190337,1.521736937,1.98822785,1.785227428,0.495721541,0.801127014,0.494873908,0.661888733,0.446025935,1.138816588,0.649185365,,,,,,,,,,,,,,,,,,,,,,,,,,,Bacterial ,1.028576928,1.085155128,1.1946884,1.427849601,1.131837703,0.832844451,0.96400286,0.686603228,0.852069171,0.994271428,0.96697357,0.683446889,1.07400092,0.767858089,0.93179108,1.030746452,0.936000706,1.044467014,1.531240703,1.666240146
HI,HI10,0.55078354,0.365980299,2.656774143,1.78639053,0.835328687,0.242136497,1.082570051,1.531933431,1.466671595,0.407096968,1.644016354,1.466671595,2.154156439,0.395807512,0.631890362,0.400031738,0.375647307,0.608640244,0.645479901,0.751992808,,,,,,,,,,,,,,,,,,,,,,,,,,,Viral ,0.992094524,1.07619358,1.061496129,1.311461761,0.99129645,0.985494106,1.812988083,0.543508979,0.761177885,0.919303803,0.974159926,0.459687736,1.234783944,0.70197821,0.890824625,0.949490049,0.903810626,1.260594767,1.703554244,1.731314967
HI,HI2,0.497401511,0.460553266,2.151295253,1.615770704,0.776229193,0.219717062,1.228639261,1.49841921,1.645877501,0.379457308,1.514326524,1.645877501,2.393926115,0.429461326,0.84734594,0.386164113,0.373368433,0.424306863,0.806672254,0.705190662,,,,,,,,,,,,,,,,,,,,,,,,,,,,,,,,,,,,,,,,,,,,,,,
HI,HI3,0.505753937,0.367121816,1.980906884,1.683513634,0.64598932,0.332704876,1.219587667,1.486553117,1.470704328,0.33473784,1.595691634,2.096353093,2.110357354,0.55815812,0.754336941,0.300607258,0.444626727,0.514564025,0.863754736,0.733976691,,,,,,,,,,,,,,,,,,,,,,,,,,,,,,,,,,,,,,,,,,,,,,,
HI,HI4,0.539630251,0.513256416,2.915821054,1.574861,0.803077338,0.252695933,1.056101366,1.504382138,1.499355927,0.379169923,1.691783936,1.532986367,2.098059376,0.531901596,0.737683465,0.270724454,0.341664324,0.409323917,0.684207308,0.66331391,,,,,,,,,,,,,,,,,,,,,,,,,,,,,,,,,,,,,,,,,,,,,,,
HI,HI5,0.535606774,0.437586519,2.370039012,1.71785522,0.643781306,0.146590248,1.434634654,1.308715588,1.532074449,0.460581564,1.884502132,1.532074449,2.129644463,0.435990153,0.602255499,0.430834687,0.401769093,0.592521307,0.709694223,0.693248661,,,,,,,,,,,,,,,,,,,,,,,,,,,,,,,,,,,,,,,,,,,,,,,
HI,HI7,0.768468095,0.47536331,2.654950523,1.765120608,0.913776535,0.249394957,1.622732913,1.586442225,1.083572868,0.558400348,1.535548159,1.083572868,2.154974907,0.450440568,0.692491904,0.258629907,0.33366374,0.473248046,0.664938801,0.674268718,,,,,,,,,,,,,,,,,,,,,,,,,,,,,,,,,,,,,,,,,,,,,,,
HI,HI8,0.539346911,0.440196383,2.085673115,1.378599445,0.69101271,0.318052539,1.25890264,1.124361093,1.135745478,0.368495083,1.753562012,2.691168103,2.134618274,0.534269685,0.660514729,0.275482757,0.46666924,0.553426921,0.874374136,0.715528747,,,,,,,,,,,,,,,,,,,,,,,,,,,,,,,,,,,,,,,,,,,,,,,
HI,HI9,0.431900862,0.392171004,2.142844177,1.810748214,0.807348064,0.247944414,1.161284269,1.401721881,1.194592375,0.423531326,1.650128455,2.028497834,2.420680145,0.425133379,0.730107325,0.322089939,0.376637761,0.547655477,0.75485825,0.730124848,,,,,,,,,,,,,,,,,,,,,,,,,,,,,,,,,,,,,,,,,,,,,,,
KP,KP1,0.679672575,0.348400753,2.473128848,1.491305198,0.811274565,0.303223274,0.987070102,1.159955241,1.109090312,0.390853317,1.294254045,2.06126421,2.503465425,0.491434357,0.618625277,0.445389438,0.270176185,0.573696637,0.94820995,1.039510292,,,,,,,,,,,,,,,,,,,,,,,,,,,,,,,,,,,,,,,,,,,,,,,
KP,KP10,0.561236465,0.318724037,2.555028194,1.629175966,0.564768955,0.194861872,1.107575362,1.426488041,1.243031696,0.340456106,1.796000456,2.359375863,2.175731831,0.490513305,0.776204579,0.312538651,0.388235923,0.51319094,0.546394007,0.700467753,,,,,,,,,,,,,,,,,,,,,,,,,,,,,,,,,,,,,,,,,,,,,,,
KP,KP2,0.453401677,0.286617919,3.100451436,1.654904833,0.551713382,0.195668919,1.2031986,1.189587987,1.14341399,0.310384239,1.563597625,2.689032551,2.211865521,0.277387759,0.79405128,0.478061219,0.297276319,0.317593079,0.592644463,0.689147202,,,,,,,,,,,,,,,,,,,,,,,,,,,,,,,,,,,,,,,,,,,,,,,
KP,KP3,0.50957106,0.325035838,3.039464415,1.73995025,0.573389978,0.186804419,1.058934322,1.460740853,1.121306904,0.321136107,1.579329915,1.667043296,2.711050479,0.352324778,0.741763175,0.403244316,0.3709489,0.399857973,0.700876486,0.737226534,,,,,,,,,,,,,,,,,,,,,,,,,,,,,,,,,,,,,,,,,,,,,,,
KP,KP4,0.439189928,0.255656509,3.367405606,1.452146877,0.684656307,0.131916418,1.354396444,1.290780791,1.027782465,0.19741275,1.518878181,2.53040056,2.511555503,0.331210046,0.968220173,0.440183662,0.327411499,0.248440786,0.43709065,0.485264844,,,,,,,,,,,,,,,,,,,,,,,,,,,,,,,,,,,,,,,,,,,,,,,
KP,KP5,0.358996433,0.334861719,2.537533133,1.309681496,0.699180265,0.293423232,1.276463018,1.193235389,1.029688949,0.268507827,2.113245517,2.740158716,2.223117897,0.312478743,0.94228285,0.404121188,0.289910208,0.286494406,0.645133828,0.741485188,,,,,,,,,,,,,,,,,,,,,,,,,,,,,,,,,,,,,,,,,,,,,,,
KP,KP6,0.417085024,0.396037865,2.982261399,1.372732894,0.556110911,0.194384939,0.992307967,1.349271962,1.137667103,0.327331026,1.767156701,2.396832988,2.077288366,0.429648626,0.936981351,0.336961801,0.368729738,0.505069699,0.728178181,0.72796146,,,,,,,,,,,,,,,,,,,,,,,,,,,,,,,,,,,,,,,,,,,,,,,
KP,KP7,0.500612079,0.299919437,3.511801584,1.847060264,0.757324257,0.180234175,0.847112122,1.086639376,1.169470008,0.334762035,1.62754506,2.534179006,1.783939167,0.368320917,0.786236007,0.371066957,0.423337542,0.365722719,0.601605579,0.603111709,,,,,,,,,,,,,,,,,,,,,,,,,,,,,,,,,,,,,,,,,,,,,,,
KP,KP8,0.54161054,0.259998331,3.333369535,1.467096636,0.627007705,0.149752805,0.830653346,1.112295366,1.175929751,0.277785722,1.681140051,2.298957073,2.349444821,0.467352946,0.864580749,0.520533589,0.398522595,0.346157356,0.592705427,0.705105656,,,,,,,,,,,,,,,,,,,,,,,,,,,,,,,,,,,,,,,,,,,,,,,
KP,KP9,0.661243873,0.530835674,3.473348433,1.75671273,0.840307208,0.168733261,0.883000014,1.105317297,1.104224785,0.240602801,1.594153254,2.063969388,1.986917812,0.282802704,0.899928047,0.449249145,0.397040154,0.392314542,0.519717975,0.649580904,,,,,,,,,,,,,,,,,,,,,,,,,,,,,,,,,,,,,,,,,,,,,,,
PA01,PA01,0.408625221,0.44808408,0.995478276,0.910444581,0.787551904,0.223422481,2.302301689,0.882209842,1.005065924,0.327388047,1.307661273,1.559875897,3.156299164,0.318425422,0.710222925,0.419092652,0.324258606,0.916585363,1.529122759,1.467883893,,,,,,,,,,,,,,,,,,,,,,,,,,,,,,,,,,,,,,,,,,,,,,,
PA01,PA02,0.506812291,0.512021542,0.978612171,1.186530516,0.756938099,0.276811878,1.733310974,0.821035641,1.08616687,0.395151507,1.381545858,1.782262401,3.169839576,0.369015386,0.642969115,0.335557137,0.409556425,0.839196545,1.255185814,1.561480256,,,,,,,,,,,,,,,,,,,,,,,,,,,,,,,,,,,,,,,,,,,,,,,
PA01,PA03,0.441746013,0.62768431,1.277677147,0.972740011,0.611764231,0.239197609,2.148492451,1.019374008,0.960310511,0.296640025,1.223056657,1.798327977,3.105340021,0.358224591,0.637093273,0.308387982,0.298449777,0.707964733,1.294809363,1.67271931,,,,,,,,,,,,,,,,,,,,,,,,,,,,,,,,,,,,,,,,,,,,,,,
PA01,PA04,0.473055963,0.558593004,1.124321119,0.997761066,0.615394526,0.185105881,2.010748158,0.768851859,0.971434482,0.332470135,1.127518843,2.040557581,2.986316832,0.479142335,0.694820348,0.321463325,0.367009013,0.676141084,1.501389308,1.767905139,,,,,,,,,,,,,,,,,,,,,,,,,,,,,,,,,,,,,,,,,,,,,,,
PA01,PA05,0.709220982,0.619920638,1.807416609,1.304939925,0.953956609,0.280661281,1.616557758,1.019817641,0.888449588,0.379164274,1.147588185,1.77099274,3.026774762,0.356782379,0.602131868,0.393365756,0.316988158,0.700557723,1.151087728,0.953625393,,,,,,,,,,,,,,,,,,,,,,,,,,,,,,,,,,,,,,,,,,,,,,,
PA01,PA06,0.492614467,0.430601859,1.081081004,0.9463223,0.69802442,0.312056307,1.656415605,0.742150972,0.840033938,0.307973163,1.073724064,2.388618644,3.2785287,0.507194195,0.521621429,0.400255996,0.341184053,0.734355582,1.567295864,1.67994744,,,,,,,,,,,,,,,,,,,,,,,,,,,,,,,,,,,,,,,,,,,,,,,
PA01,PA07,0.547213371,0.469923606,0.996095586,0.922860865,0.671281852,0.260509173,1.85269404,0.755479061,0.758753526,0.389082073,1.285972819,2.185074229,3.243316334,0.464543729,0.643357072,0.380248545,0.425915506,0.84327071,1.506348675,1.398059225,,,,,,,,,,,,,,,,,,,,,,,,,,,,,,,,,,,,,,,,,,,,,,,
PA01,PA08,0.426892204,0.377853796,0.986524343,0.709425433,0.560627209,0.197028619,2.402953322,0.800988143,1.076587291,0.377843761,1.27716864,1.31908777,4.23150413,0.315800851,0.517797991,0.382232471,0.324856724,0.808132707,1.401180424,1.50551417,,,,,,,,,,,,,,,,,,,,,,,,,,,,,,,,,,,,,,,,,,,,,,,
PA14,PA141,0.629591625,0.574310585,1.017151332,0.852269985,0.505381846,0.323472032,1.47550784,0.87497848,0.935946248,0.314063804,0.897787469,1.943751712,3.140650992,0.392724485,0.657928551,0.388316423,0.494021218,0.913638787,2.070527275,1.597979312,,,,,,,,,,,,,,,,,,,,,,,,,,,,,,,,,,,,,,,,,,,,,,,
PA14,PA143,0.784006424,0.880127058,1.841421431,1.096204008,0.90780962,0.264013029,0.856181313,0.926693707,0.980424727,0.367089506,1.076369725,1.44947989,2.746095146,0.253445078,0.601836699,0.364779624,0.4908718,0.817556769,1.765254785,1.53033966,,,,,,,,,,,,,,,,,,,,,,,,,,,,,,,,,,,,,,,,,,,,,,,
PA14,PA144,0.557607787,0.647638464,1.240333925,0.99770981,0.714928114,0.306407316,1.253361489,0.937356468,0.90538745,0.37583523,1.103558483,1.749561234,2.876969845,0.469827626,0.722809846,0.352909928,0.475925737,1.027281693,1.718113213,1.566476342,,,,,,,,,,,,,,,,,,,,,,,,,,,,,,,,,,,,,,,,,,,,,,,
PA14,PA148,0.816855476,0.811175549,2.047838187,1.343044449,0.872493446,0.322641438,1.034406422,0.769782163,0.947881273,0.302151766,1.016909316,1.607726968,2.918997063,0.33923637,0.633284856,0.462165541,0.320007774,0.783637432,1.492905171,1.156859341,,,,,,,,,,,,,,,,,,,,,,,,,,,,,,,,,,,,,,,,,,,,,,,
PR8,PR81,0.40719085,0.477590517,1.89714232,1.287374128,0.50954692,0.274602673,1.542590167,1.074036645,0.950065646,0.306875526,1.522818894,0.950065646,3.295182855,0.450259817,0.745470788,0.28382691,0.449985811,0.89916041,1.368958169,1.307255307,,,,,,,,,,,,,,,,,,,,,,,,,,,,,,,,,,,,,,,,,,,,,,,
PR8,PR810,0.688052252,0.434346955,2.570083224,1.597837216,0.874411397,0.311422476,1.024385738,0.865878319,1.297834306,0.365982331,1.616125751,1.297834306,2.248910937,0.405130559,0.594036041,0.410913465,0.348933211,0.744445,1.1444148,1.159021714,,,,,,,,,,,,,,,,,,,,,,,,,,,,,,,,,,,,,,,,,,,,,,,
PR8,PR83,0.475443346,0.425393074,2.220405935,1.617420768,0.618011618,0.285157069,1.747762928,1.047994544,1.044047344,0.345905505,1.407283279,1.044047344,2.816440688,0.399054024,0.59330728,0.307823874,0.420083327,0.840431096,1.207464021,1.136522938,,,,,,,,,,,,,,,,,,,,,,,,,,,,,,,,,,,,,,,,,,,,,,,
PR8,PR84,0.528930898,0.448531819,2.210661491,1.462257837,0.686246774,0.204860892,1.403053427,1.077864546,1.10122751,0.313241998,1.289784624,2.155901364,2.548081216,0.382982705,0.723112935,0.362636296,0.341280944,0.673940574,1.020207006,1.065195142,,,,,,,,,,,,,,,,,,,,,,,,,,,,,,,,,,,,,,,,,,,,,,,
PR8,PR85,0.560712812,0.515907668,2.291142184,1.328064667,0.65733514,0.30738249,1.634217952,1.13440595,0.902290031,0.409589581,1.342070445,0.902290031,2.712314458,0.488222472,0.753204192,0.351955262,0.462466497,0.775435715,1.304568848,1.166423605,,,,,,,,,,,,,,,,,,,,,,,,,,,,,,,,,,,,,,,,,,,,,,,
PR8,PR86,0.471426019,0.473045536,2.032613819,1.514052562,0.767092885,0.322441456,1.837934963,1.13928743,1.099625069,0.462139429,1.427773397,1.099625069,2.382784829,0.469096501,0.742950768,0.360881895,0.435334992,0.791272445,1.064411649,1.106209288,,,,,,,,,,,,,,,,,,,,,,,,,,,,,,,,,,,,,,,,,,,,,,,
PR8,PR87,0.453769304,0.385868127,2.696256616,1.748546408,0.700315576,0.232137836,1.142203232,0.853271833,1.121637001,0.31955092,1.589593019,1.121637001,2.785814655,0.413170846,0.604931825,0.287749176,0.421399754,0.795267227,1.037491756,1.289387886,,,,,,,,,,,,,,,,,,,,,,,,,,,,,,,,,,,,,,,,,,,,,,,
PR8,PR89,0.611926548,0.659392668,2.689414243,1.962389564,1.062571277,0.545255223,1.331210704,0.984576329,1.07832174,0.551701386,1.560895299,1.07832174,1.849252972,0.417824063,0.981773642,0.429074869,0.380242964,0.567262778,0.772449912,0.486142083,,,,,,,,,,,,,,,,,,,,,,,,,,,,,,,,,,,,,,,,,,,,,,,
PVM,PVM10,0.355947462,0.307558949,2.596092994,1.958671373,0.561647107,0.178112676,2.923959032,0.898731363,1.322784274,0.281132191,1.321999052,1.322784274,2.614898165,0.322171644,0.434818265,0.287015623,0.34220329,0.454871136,0.69729342,0.81730771,,,,,,,,,,,,,,,,,,,,,,,,,,,,,,,,,,,,,,,,,,,,,,,
PVM,PVM2,0.391023406,0.39564204,3.762803627,2.320210696,0.467627235,0.159886264,1.791325011,0.85140458,1.123630858,0.244028619,1.643531894,1.123630858,2.321098155,0.333089008,0.452512461,0.19031268,0.251245263,0.425231014,0.900788091,0.850978241,,,,,,,,,,,,,,,,,,,,,,,,,,,,,,,,,,,,,,,,,,,,,,,
PVM,PVM3,0.317806669,0.248368824,2.970093536,1.877997738,0.422768181,0.153646274,3.628859075,0.857265745,1.134854082,0.250297302,1.633379714,1.134854082,2.954779558,0.296961539,0.374256592,0.170545613,0.186830787,0.300456722,0.571035555,0.514942412,,,,,,,,,,,,,,,,,,,,,,,,,,,,,,,,,,,,,,,,,,,,,,,
PVM,PVM4,0.433509824,0.349612793,2.308490971,1.403956763,0.737169496,0.191816276,2.776258472,1.001054004,1.228345667,0.355476581,1.947525822,1.228345667,2.482838792,0.391672716,0.556802425,0.18680209,0.324194259,0.576057245,0.774283569,0.74578657,,,,,,,,,,,,,,,,,,,,,,,,,,,,,,,,,,,,,,,,,,,,,,,
PVM,PVM5,0.473093344,0.339244588,3.439802623,2.043144835,0.503885555,0.170592393,3.675907926,0.960710275,1.12424243,0.388704209,1.451512341,1.12424243,2.004748278,0.32604803,0.371235205,0.161403478,0.190824328,0.308809123,0.513810024,0.428038586,,,,,,,,,,,,,,,,,,,,,,,,,,,,,,,,,,,,,,,,,,,,,,,
PVM,PVM6,0.517490677,0.41799303,1.525804558,1.408265556,0.590317962,0.316764246,2.266504787,1.152257959,1.13587588,0.402831426,1.48339287,1.13587588,2.923373331,0.345359083,0.838701345,0.534045121,0.452666803,0.769541306,0.851027236,0.931910944,,,,,,,,,,,,,,,,,,,,,,,,,,,,,,,,,,,,,,,,,,,,,,,
PVM,PVM7,0.44489801,0.406719208,2.498017143,1.729511649,0.477293341,0.138265813,3.18899015,0.839461882,1.143207605,0.233671982,1.77200133,1.143207605,2.607301316,0.294749128,0.513860656,0.275749765,0.293798941,0.554150934,0.656074223,0.789069319,,,,,,,,,,,,,,,,,,,,,,,,,,,,,,,,,,,,,,,,,,,,,,,
PVM,PVM8,0.570696956,0.353827611,2.16598036,1.655364841,0.548455683,0.238362465,2.553490118,1.171617927,1.339436628,0.335832793,1.636845372,1.339436628,2.65704296,0.344111242,0.643683579,0.251440247,0.356083553,0.494347981,0.611993866,0.731949192,,,,,,,,,,,,,,,,,,,,,,,,,,,,,,,,,,,,,,,,,,,,,,,
PVM,PVM9,0.372308232,0.455481988,1.119081704,1.226240211,0.494346005,0.242323342,2.857947252,0.793446673,0.913036841,0.348797366,1.807720539,0.913036841,3.98920296,0.341703017,0.707242431,0.344570486,0.366311028,0.785300102,0.939005085,0.982897898,,,,,,,,,,,,,,,,,,,,,,,,,,,,,,,,,,,,,,,,,,,,,,,
SA,SA1,0.386833059,0.605888268,1.588519441,1.340061631,0.596282775,0.189956733,1.777295493,1.373604172,1.137651305,0.37943519,1.257017416,1.373828479,2.792478739,0.317391672,0.554398219,0.499749228,0.424527295,0.671655249,1.343640668,1.38978497,,,,,,,,,,,,,,,,,,,,,,,,,,,,,,,,,,,,,,,,,,,,,,,
SA,SA10,0.522265239,0.519751009,1.149173308,1.405672754,0.60731464,0.243623738,1.479011179,1.085515453,1.138758349,0.431231142,1.150763868,1.199261865,3.067035185,0.410724764,0.710897504,0.236872553,0.427038906,1.052266491,1.451717764,1.71110429,,,,,,,,,,,,,,,,,,,,,,,,,,,,,,,,,,,,,,,,,,,,,,,
SA,SA2,0.594290264,0.584742263,1.591336933,1.279314107,0.60736528,0.193307049,1.872288664,0.988983247,1.241036519,0.421708475,1.361426676,1.241036519,2.979009598,0.516426214,0.552929365,0.363897516,0.371966936,0.670867517,1.268176438,1.299890418,,,,,,,,,,,,,,,,,,,,,,,,,,,,,,,,,,,,,,,,,,,,,,,
SA,SA3,0.538890579,0.574266679,1.661536154,1.27499923,0.735608005,0.154845731,1.664664453,1.094412203,1.057689672,0.431880218,1.30231384,1.057689672,3.231115725,0.411908327,0.621355596,0.400368338,0.402336829,0.762461216,1.289255273,1.332402261,,,,,,,,,,,,,,,,,,,,,,,,,,,,,,,,,,,,,,,,,,,,,,,
SA,SA4,0.525905411,0.541250089,1.405072705,1.234643505,0.811811259,0.211120964,1.23447848,1.001038312,1.109895975,0.428706599,1.380346944,1.810395182,3.028395659,0.423980776,0.496664596,0.327113804,0.513041565,0.862082409,1.323986939,1.330068826,,,,,,,,,,,,,,,,,,,,,,,,,,,,,,,,,,,,,,,,,,,,,,,
SA,SA5,0.496022831,0.491220453,1.986445719,1.78538228,1.138454994,0.213843182,0.999079462,1.296294309,1.224824134,0.68783596,1.384561239,1.224824134,2.599077701,0.487100814,0.543311911,0.367594083,0.366125155,0.618236504,0.882204948,1.207560189,,,,,,,,,,,,,,,,,,,,,,,,,,,,,,,,,,,,,,,,,,,,,,,
SA,SA6,0.470338907,0.56243116,1.751189044,1.407354551,0.774840124,0.151182797,1.991516116,1.150995096,1.555407831,0.478076364,1.486722219,1.394708936,2.450161372,0.415831002,0.365461732,0.236295535,0.408788951,0.670785531,0.982773578,1.295139154,,,,,,,,,,,,,,,,,,,,,,,,,,,,,,,,,,,,,,,,,,,,,,,
SA,SA7,0.469319233,0.503867992,1.469769519,1.338932763,0.693712981,0.295782137,1.206990332,1.180825821,1.055816329,0.40082533,1.35217455,1.707501489,2.99863033,0.421051175,0.565604944,0.245874876,0.403158294,0.721832463,1.359192506,1.609136936,,,,,,,,,,,,,,,,,,,,,,,,,,,,,,,,,,,,,,,,,,,,,,,
SA,SA8,0.429127679,0.492155442,1.83446775,1.318140789,0.510992696,0.31086108,1.161077186,1.4052036,1.094155188,0.366871199,1.368773977,2.123563557,2.521450482,0.539492009,0.49241575,0.280576235,0.412546514,0.845241212,1.217698477,1.275189178,,,,,,,,,,,,,,,,,,,,,,,,,,,,,,,,,,,,,,,,,,,,,,,
SA,SA9,0.548404893,0.510958694,1.929287638,1.951243256,0.836168963,0.247340544,1.191651941,1.093045846,1.553450041,0.34806117,1.582551554,1.553450041,2.575742655,0.409344174,0.633907943,0.371575093,0.335007558,0.553881619,0.847145509,0.927780871,,,,,,,,,,,,,,,,,,,,,,,,,,,,,,,,,,,,,,,,,,,,,,,
SP,SP1,0.388393889,0.467603382,3.371300114,2.493575611,0.630265306,0.230765618,1.374288697,1.253747911,1.207848575,0.392576054,1.732361292,1.207848575,2.2994977,0.32200163,0.434513791,0.205785099,0.3062671,0.403814416,0.625241331,0.652303909,,,,,,,,,,,,,,,,,,,,,,,,,,,,,,,,,,,,,,,,,,,,,,,
SP,SP10,0.463677047,0.359992835,3.756354345,2.585121173,0.816928503,0.196331629,0.852045103,1.000388731,1.326963305,0.318436088,1.28303716,1.788725416,2.018262104,0.39737895,0.426698149,0.213456391,0.297071832,0.472296525,0.657936646,0.768898067,,,,,,,,,,,,,,,,,,,,,,,,,,,,,,,,,,,,,,,,,,,,,,,
SP,SP2,0.367319786,0.318825711,3.993475931,2.231185764,0.747250681,0.221996349,0.997245494,1.393668457,1.38869472,0.420637498,1.625361314,1.490032322,1.731663648,0.370626454,0.535570348,0.213472381,0.348778261,0.424707744,0.651598726,0.527888412,,,,,,,,,,,,,,,,,,,,,,,,,,,,,,,,,,,,,,,,,,,,,,,
SP,SP3,0.427893847,0.279842942,3.784465138,2.176189614,0.726599182,0.196441873,1.027857533,1.269898023,1.368872428,0.326778935,1.504762103,1.368872428,2.038692876,0.572764294,0.528236427,0.243109155,0.27577593,0.428223886,0.664699771,0.790023615,,,,,,,,,,,,,,,,,,,,,,,,,,,,,,,,,,,,,,,,,,,,,,,
SP,SP4,0.367112402,0.504887361,2.939494761,2.030330225,0.77387578,0.291437381,1.047648605,1.199918999,1.52276922,0.40509413,1.659006764,1.586159321,1.95742514,0.435484384,0.47320074,0.220724681,0.373041574,0.566676468,0.667855992,0.977856072,,,,,,,,,,,,,,,,,,,,,,,,,,,,,,,,,,,,,,,,,,,,,,,
SP,SP5,0.408850007,0.348277673,3.807130025,2.344869971,0.635732229,0.112491936,1.199195803,1.112479305,1.284443825,0.436385909,1.485266626,1.284443825,2.239866237,0.345493747,0.508564459,0.268896177,0.306478131,0.445815994,0.685735116,0.739583003,,,,,,,,,,,,,,,,,,,,,,,,,,,,,,,,,,,,,,,,,,,,,,,
SP,SP6,0.37158545,0.465609424,4.208962672,2.882528984,0.578905038,0.292068916,0.705087693,1.073323659,1.251756914,0.385414614,1.607112795,1.251756914,1.642098441,0.295058979,0.660487839,0.16697606,0.339302423,0.415850264,0.589473008,0.816639914,,,,,,,,,,,,,,,,,,,,,,,,,,,,,,,,,,,,,,,,,,,,,,,
SP,SP7,0.42945936,0.251804783,3.71190029,2.223240207,0.657173063,0.193752297,0.789951105,1.203332289,1.444190194,0.271426129,1.659446886,1.792226831,2.003900917,0.352339407,0.702305048,0.282159786,0.255240203,0.533199471,0.551138737,0.691812996,,,,,,,,,,,,,,,,,,,,,,,,,,,,,,,,,,,,,,,,,,,,,,,
SP,SP8,0.536625943,0.36157706,3.737035662,3.126625311,0.798519058,0.122574552,0.588892542,1.177812047,1.356515752,0.287220883,1.3276259,1.459051886,2.09547759,0.27536304,0.485921623,0.245753151,0.224640618,0.421176342,0.589740149,0.781850892,,,,,,,,,,,,,,,,,,,,,,,,,,,,,,,,,,,,,,,,,,,,,,,
SP,SP9,0.429887262,0.334314782,4.199484862,3.064169313,0.704650295,0.206443646,0.69249458,1.05999599,1.211381379,0.348680853,1.404237444,1.286890693,1.994111037,0.334375129,0.433421702,0.251178155,0.213038916,0.385575104,0.724041661,0.721627196,,,,,,,,,,,,,,,,,,,,,,,,,,,,,,,,,,,,,,,,,,,,,,,