Sample Type,Sample ID,1UR3_01,2UR3_02,3UR3_03,4UR3_04,5UR3_05,6UR3_06,7UR3_07,8UR3_08,1UR3_09,9UR3_10,1UR3_11,2UR3_12,2UR3_13,3UR3_14,3UR3_15,4UR3_16,4UR3_17,5UR3_18,5UR3_19,6UR3_20
Bac Con,CB1,-0.5580793292932006,-0.6864105775046409,1.054521662250673,0.6325777704842669,-0.553453381883792,-0.9507638591632216,0.30187290867537775,1.3249714170180233,0.5237710695427622,-0.8566307732322537,1.401219447393908,2.835890485905242,0.3359624300902064,-0.7830734625192908,-0.8354095544662403,-0.9593034295604252,-0.6323295855467439,-0.555674530872705,-0.3764275801034973,-0.6632311272144511
Bac Con,CB10,-0.6890335130391418,-0.6841710237616926,0.8928713266786286,0.32240263740550146,-0.7512721059776252,-1.1582024120217163,0.9828010687424465,1.361423581497247,0.39119007763616553,-0.8540377857170924,1.5907838907990457,2.2154574908938365,1.1600847050314893,-0.8637063883102918,-0.9944866580689583,-0.8590096015652412,-0.8079860998856873,-0.5005208604888239,-0.15062364324544222,-0.6039646866026478
Bac Con,CB11,-0.5827033905281301,-0.4578548820683713,0.8952410475545503,0.311070408342241,-0.7048389259912101,-1.032151627242399,0.7316634966903999,1.1486529391307267,0.348461437999078,-0.7594264672613316,1.2807433570494675,3.0450722832522192,0.42507264303065084,-0.5151147310452108,-0.9544737345412451,-0.9096939607630999,-0.6625595489658198,-0.5826862648955617,-0.37633901919601076,-0.6481350605509335
Bac Con,CB12,-0.48807017578887973,-0.6149408941984593,1.196505843205278,0.28233202502315397,-0.7543100332771668,-1.0495409188458469,0.21454466630957802,1.2735164370218925,0.7577099802791503,-0.7718659396836,1.4386995209767666,2.6322221091072637,0.731400540702767,-0.6247808327238816,-0.8495191272913465,-1.0744831125133727,-0.6672374826049825,-0.8355120958012222,-0.17092538812694477,-0.625745121770157
Bac Con,CB13,-0.5289370177883443,-0.6412963191245555,1.635723354406299,0.627474221941015,-0.6025994443328411,-1.0573067323724477,-0.012222262992490126,0.9677329733382588,0.7039510225656347,-0.7585777906640633,0.9652716627871922,2.822413965824559,0.6072066096911685,-0.6148749601154255,-0.908684868526625,-0.8366911564068193,-0.7853738282512359,-0.7319200969043568,-0.24424004806957345,-0.6070492850053439
Bac Con,CB14,-0.46505680673226524,-0.6436417102262401,1.3104369145659183,0.3466557814638991,-0.6234212199317748,-1.125958158681201,0.27276329029400975,1.3227807804271638,0.9327238510577667,-0.7757065694934107,0.8914250407470787,2.688497422216096,0.8231337057921653,-0.6771568098326793,-0.9412271758823941,-0.8636766506752697,-0.9012764232924985,-0.63810463056674,-0.20749992933573203,-0.72569070191389
Bac Con,CB15,-0.49927574644000344,-0.45776244131898647,1.118430895263715,0.18999734742352378,-0.5043934425179389,-0.952704987210652,-0.10637509517514414,1.787212739363851,0.41807545276165375,-0.7752138711657122,1.6104234196956673,2.714916690149965,-0.0677989149130512,-0.6663556250743772,-1.0546449397473971,-0.7723849665765954,-0.5610743060364837,-0.5006733588197301,-0.45071313281870057,-0.469685716843606
Bac Con,CB2,-0.5140573899283942,-0.7052956689742116,0.839304499062168,0.3636978351317873,-0.732942492672805,-1.1126701291455414,0.5265305532854457,1.3657387923975692,0.7414625247763204,-0.8174481151023848,1.1311553292994616,2.7852697255685905,0.8370588761541325,-0.7157073593725664,-0.7771075366517675,-0.9964824377083186,-0.8222424730236546,-0.5680052005070091,-0.21772034402537271,-0.6105389885634478
Bac Con,CB3,-0.6643051136261782,-0.6213627559358778,1.3550410654691931,0.5166104846095035,-0.7691035366474215,-1.1149149535951908,0.06759562683584282,1.3153175920969689,0.4368427747455473,-0.6727251643144635,1.1444113331108854,2.814670944419896,0.6884844861396106,-0.7409888300305163,-0.8010373904037329,-0.8772886376754965,-0.7624490336034248,-0.5472060109695817,-0.2965476961862023,-0.47104518443935894
Bac Con,CB4,-0.5981212066128683,-0.6145421488860006,1.2113626897378509,0.3997895345382673,-0.6252623230245604,-1.0968558214380089,0.43267439621894294,1.2399206523116586,0.47373617003256396,-0.6861618526934558,1.4795391740764041,2.7201244326327525,0.5642151011196407,-0.7599284154962648,-0.8833482133742215,-0.9086695354298804,-0.7355005455721797,-0.6443779255794696,-0.251639599096523,-0.716954563464642
Bac Con,CB5,-0.5417535013967706,-0.5656301722939909,1.3192350095949692,0.19443584460481014,-0.642607827330477,-0.951349238252946,0.06528839930838287,0.955198927812607,0.566441855250558,-0.7356002050521862,0.7431819405365169,3.097316329886909,0.9859905551123966,-0.7532324064474784,-0.8142603195136153,-0.9731462319614219,-0.6778963474897737,-0.7683879679499871,-0.11037003982348044,-0.3928546045950239
Bac Con,CB6,-0.6266984429072946,-0.49350830910978644,0.9481648228301638,-0.07325032556470885,-0.3378322989635865,-0.987662500479418,-0.10031274442264573,0.9818667611735451,0.5565946571225671,-0.7198649884585349,1.8878328176822512,2.9421084132798687,0.47299216903934255,-0.8287497693207742,-0.57435506620892,-0.9238735943863413,-0.7408580258826645,-0.6647936614729243,-0.30765440137677746,-0.4101455125733714
Bac Con,CB7,-0.11702145270918855,-0.4270899243355446,0.8209706640324633,0.22752800245731003,-0.9697657960014463,-0.8411155267864704,0.0631568182389078,1.651140408897161,0.6383816490213297,-0.8880531796546921,1.5346204582874943,2.7408077512672193,0.3385955418485172,-0.7820711016315989,-0.8454182171050483,-0.8679446398924683,-0.752682231743607,-0.6921068923632765,-0.2566441220149495,-0.5752882098121085
Bac Con,CB8,-0.6608342609963029,-0.5540921813677487,1.0368965311193323,0.22472063572417644,-0.8438167468170404,-1.045505703302896,0.8228790818152456,1.2105119042870947,0.8654935987222531,-0.8809434646327127,1.4218473698354002,2.4493027445010727,0.8848823721661193,-0.7650039223170352,-0.8271119829483166,-1.010203572868953,-0.8682870743999359,-0.662162898788467,-0.23640685474185652,-0.5621655749894289
Bac Con,CB9,-0.6201759019652774,-0.6477395108851898,1.0728633743775617,0.4377046983674387,-0.6587196243207392,-1.0199841168621937,0.5223464429915281,1.1897408454052825,0.501457555902959,-0.8175003874262,1.1310562077769464,2.953840365020037,0.6221588362744356,-0.5740132362236746,-0.8362645065426816,-0.9191336126775201,-0.8053675730020928,-0.5718195760972566,-0.29473436742347153,-0.6657159126898918
HI,HI1,-0.6415560550180541,-0.5996081257367756,1.3888408894839848,0.42158868377103337,-0.7264532830560118,-1.1579813486912995,-0.06267255951534789,0.6761587840279888,-0.05600505569345806,-0.8994081836068522,0.8825120133609639,2.666192073640864,1.6743478281083937,-0.7703677693290146,-0.8601716047225146,-0.8760291128580607,-0.8465059001518933,-0.5662540091531677,0.3877853433410755,-0.034412608201857965
HI,HI10,-0.7406696153649865,-0.7903001764730013,2.1388736914277673,0.5668949721501179,-0.832248612478668,-1.1153207461613792,0.6416176740513287,0.6136960636640261,0.4186393770019718,-0.8497007537347178,1.052352821672479,1.8919830708248084,1.4226563248646447,-0.7909489306712418,-0.9901673064966272,-0.8748876393889489,-0.8361219097689929,-0.6963794634565854,-0.02662517977600681,-0.20334366188599035
HI,HI11,-0.7192985880152916,-0.6551882278638599,1.282913920973237,0.4173221485129741,-0.7808177566261427,-1.1379824073315916,1.4515225125746012,0.40118661274875367,0.10241640795630447,-0.9957847436466873,1.1010674913682623,1.841873970449805,1.8844328475923735,-0.8943564684908183,-0.9591155436674305,-0.9756117563379135,-0.9940113767463146,-0.4634388568066381,0.15600110756756913,-0.06313129421118825
HI,HI12,-0.7280150586819547,-0.6619816223727376,1.1842749221828908,0.39253515481310014,-0.9002030841917866,-1.0639419211067347,0.7850557672540839,0.6055434030282082,0.12639345448298914,-0.8413749851768083,0.9880657998278072,2.485059103877879,1.716717718749874,-0.8977061018212166,-0.9075613371688513,-0.862052396331416,-0.9370005713379154,-0.6754435975032821,0.12595139831982477,0.06568395315604954
HI,HI13,-0.6823090624593994,-0.5893800300598581,1.3830595114095825,0.2903532021131976,-0.8827452026655719,-1.1663284663494418,0.5931542038930459,0.5265493571629494,0.030999399143472477,-0.848056075274395,1.1230776974621142,2.5783407095842974,1.4998193917074185,-0.7207199309947222,-0.9812146856847768,-1.0372656018400033,-0.8429693581480994,-0.4422900609348203,0.26293227000091124,-0.09500726806590631
HI,HI14,-0.6303662050441384,-0.5858610183891683,1.2881782865589615,0.32034733159766754,-0.7230738049612818,-0.9544775543864783,0.42844021613414884,0.4589157937473828,0.042432750395757,-0.8392453350823068,0.7701449956655699,3.1271501425641417,1.260175195084458,-0.7111887816853245,-0.8596523080452787,-0.8732765479747069,-0.7866177882975537,-0.5514744959648151,0.07763994761678164,-0.25819081953382095
HI,HI15,-0.8030582594918287,-0.651943248553022,1.1837014418322587,0.33995437764731334,-0.7464098934460001,-1.1534293658518473,0.4628015035056728,0.9011753679126062,0.23086146882254951,-0.8825645725326235,1.244996161770239,2.3650090146445657,1.6153572101819316,-0.8311888122612878,-1.0615099595507438,-0.9453329702535881,-0.9025480696396987,-0.5407495238425966,0.2887024450067747,-0.11382431590068157
HI,HI2,-0.6576864923459933,-0.5740339401434331,1.7642094600421605,0.5199922245918205,-0.859550859568527,-1.1127138966505687,0.37842370817196347,0.9782214091192466,0.03490410447542329,-1.0405103280241186,1.1341267059682731,1.7138989919834873,1.8206186240112516,-0.9401704824729773,-1.0223887473636786,-0.9732306444101348,-0.9423594418504153,-0.5147371370069809,0.3508292170177782,-0.057842475544579476
HI,HI3,-0.6952105860319481,-0.6387213670521615,1.7443257415293612,0.6285687234177062,-0.8902203539117072,-1.165313031739023,0.7371065521908019,0.8466672536497593,0.37136037210465084,-0.9400585974377127,1.2491900949338017,1.7455455170999428,1.535407533917044,-0.8590272663055775,-1.0462629898598785,-1.0100932586426867,-0.8850527190238048,-0.7045002072785367,0.2536867483040776,-0.27739815986409977
HI,HI4,-0.6787078740726452,-0.6592924330865312,1.9118504887620256,0.9648294440810833,-0.9286407320625987,-1.1936390470253688,0.6076513569080615,0.7715603780835245,0.31902908382510853,-0.9760477215124719,1.2910430352349611,0.4792108017414635,1.9166771564844065,-0.9406543403090885,-0.9972541877662944,-1.0358506571469879,-1.0062487670393052,-0.5661008276700019,0.581008723438175,0.13957611913248164
HI,HI5,-0.7048922076824634,-0.7372702049453711,1.7937464611261942,0.705025599516849,-0.8673210724454697,-0.9938038914377311,0.44799134210540315,0.7996723319778942,-0.04561857907629901,-0.8081021853480487,1.1151754237217888,2.3434793430051255,1.3239421454095264,-0.8680876546176004,-0.9075482606195763,-0.8690763714209333,-0.81282491683509,-0.690500325599941,0.002874941806873794,-0.22686191864112373
HI,HI6,-0.8122817612270707,-0.7337180302538929,1.4003123629132865,0.4368406605153868,-0.8376620087331089,-1.224151952567432,0.4034482628704676,0.8423437045957676,0.4293155174048139,-0.9037484179175104,1.3873590680011287,1.7396141781155992,1.9592020788294793,-0.8206109581002416,-0.9875082184825179,-0.9865316619263144,-0.8463641201655367,-0.6530403442282172,0.12559767293166885,0.08158396742424558
HI,HI7,-0.7227312115694472,-0.6790157648395532,1.3363125557467799,0.4928388111884794,-0.9201784508944274,-1.0613245281297137,1.3066042694574134,0.26143568838986836,0.2810853762811442,-0.8613044318966976,1.0627231304687854,1.9982784410181353,1.8652062878948616,-0.9056705939578781,-1.0139467881029727,-0.8644349578867899,-0.849976688302378,-0.6810752448222748,0.10801851606433671,-0.15284441610766678
HI,HI8,-0.8227875324831866,-0.5942247932975809,1.4912586096138831,0.7715746756230736,-0.6512909346806882,-1.0783240548100552,0.24436557908207157,0.9533817024803493,0.28408151276231974,-0.900479229824787,1.2099492595519532,2.154821112039028,1.5217565862323836,-0.9156609594293258,-1.1078756900594757,-1.0406882231051802,-0.8406093655000147,-0.6481183838891473,0.03219963401050533,-0.06332950431613626
HI,HI9,-0.8037121222343666,-0.6000101093458476,1.7819590479599885,0.7430735052131404,-0.8272524464202113,-1.152393901405854,0.29065505798035357,0.7402073646399518,0.3578171525113626,-0.8902723005806215,1.2457042933339035,2.2126814856447607,1.2725631935916637,-0.7902400856167132,-1.0334146630200973,-0.9595529416629959,-0.8169319622998166,-0.5684985847197143,-0.03131799933081603,-0.17106398423807706
KP,KP1,-0.666350663356727,-0.6798740346818974,3.189930464119035,0.3769609526917015,-0.7284661357448786,-0.8290131519385913,0.07695156968958641,0.0699786919229417,-0.21838923277943928,-0.579697813682328,0.7489626869919785,2.058345686414214,0.6625205064205127,-0.6792490779076152,-0.558045982187286,-0.3404788819324617,-0.6700251896586761,-0.6390620178961602,-0.3409326586865314,-0.25406571779737885
KP,KP10,-0.7049782396938447,-0.69955468803604,2.684382657699833,0.591063058881232,-0.7727592731390129,-0.8905744571028515,0.016776029314363047,0.17394329917394313,-0.0977839646510031,-0.7526487027899388,0.92712635712092,2.2049433119024884,1.14732072422066,-0.6900563805709075,-0.621438239441002,-0.7042856214773556,-0.7528236340123922,-0.6414783314331032,-0.2181868645554227,-0.19898704141056117
KP,KP11,-0.6293972833656676,-0.8434481674251234,2.3407949774097316,0.721862384514236,-0.7235467316612505,-1.0000564349275916,0.3348315671945849,0.1849749131099603,-0.1518296421919978,-0.8361045543616424,0.9276710627872152,2.3993234493177145,1.1304466017274983,-0.7002217890849874,-0.7564221108794925,-0.7140736321428296,-0.7594148161382821,-0.6429818466118596,-0.10708492867496959,-0.1753230185952447
KP,KP12,-0.7611867883556503,-0.7257701415639253,2.4321047265991633,0.3433125806003271,-0.8625315383415401,-0.9726379839193373,0.49551520905269403,0.19333193922128403,-0.15942798684549805,-0.7635963166590868,1.3095272267233506,1.882145563434937,1.5438063377499724,-0.8201087060034283,-0.7143576735307211,-0.5910683650814922,-0.8005082922350685,-0.6172267694613058,-0.19653013678517897,-0.2147928845994941
KP,KP13,-0.7545957613516558,-0.8153550876341241,2.969546558058023,0.5886262835164515,-0.8479720780022008,-0.9201452783679459,0.0724983688761592,-0.049418774652282796,-0.27496831258260984,-0.5852216113032694,1.032958756723186,1.8347273501576986,1.0560374155171806,-0.7349022597535587,-0.4849074397869085,-0.31689841917340505,-0.7333735625189401,-0.7466340467792493,-0.3001547163838891,0.010152615441334382
KP,KP14,-0.7362407920951907,-0.7732032037825681,2.692183276369127,0.619949728121493,-0.7530775859092989,-0.9688675263266147,0.10755144431829636,-0.06815381796872745,-0.2422422116659219,-0.738502580682294,0.9482864343990781,1.7934861813821106,1.651443601608703,-0.7920428506087717,-0.5593849520408593,-0.49977375002536045,-0.7703277892058847,-0.6574756726246521,-0.20044984345071484,-0.05315808981195306
KP,KP15,-0.7285402206974506,-0.7192690011366413,2.3167333478475314,0.36778795961464,-0.6850222050031379,-0.95605990198901,-0.024484489852856412,0.20526558198595302,0.002160544907141886,-0.6905630452112979,1.0032141425034962,2.463152776746932,1.3783840927828006,-0.7589187176322377,-0.6794609036508635,-0.7039792244195415,-0.7452582496274872,-0.6236774876480525,-0.15361763482901408,-0.26784736469090475
KP,KP2,-0.6694232779644796,-0.7101083410678769,2.7151528633032447,0.3998327728104567,-0.6622329571087561,-0.8058563745878959,-0.11528004805754857,-0.026575246686282222,-0.2937678433459092,-0.602605204296398,1.3132216840799098,2.1285747302411786,1.1452159701644746,-0.7649976575331908,-0.33422633978271854,-0.6348562481731536,-0.7179929047113811,-0.7554505513712652,-0.418347894158106,-0.1902771317543031
KP,KP3,-0.6060529068624929,-0.8081243774396161,2.410447670835517,0.527475847051739,-0.8451068241240883,-1.0623037354147857,0.1183111043068113,0.40634852067759464,0.10802942077270594,-0.9027809607161019,1.0399603775276318,1.7484553542842571,1.6922647044408112,-0.836829711681196,-0.8469800235832419,-0.7149132619950538,-0.8241456930777014,-0.6544878063988675,0.06178890373529063,-0.011356602339210684
KP,KP4,-0.6009659196081213,-0.6037737237361123,2.6844164625340627,0.28123422709678425,-0.7320276170809089,-0.8512846453112081,-0.07569981952060494,0.11515650315897139,-0.12085141466227567,-0.7088616131411352,0.529331690348437,2.6957777410456436,0.8067219092173425,-0.6779139446667274,-0.61151754817192,-0.4434590163708302,-0.7218899215819964,-0.6169004634092929,-0.14190481516242184,-0.20558807097768816
KP,KP5,-0.6613314017916413,-0.7127664208187751,2.3765490136015823,0.33106084163416544,-0.7075310052715422,-0.8725080381713475,-0.04028571993167012,0.1073196015361576,-0.15778917414940752,-0.7076529482450334,0.7979739578587507,2.5520936038707305,1.4297206953972326,-0.7759078515392704,-0.5625219042839373,-0.5698899551342013,-0.7261258377611108,-0.6436844979394352,-0.30950039072087765,-0.1472225681403702
KP,KP6,-0.6935446585311293,-0.671700662232291,2.439472093243146,0.41103883799159635,-0.7039165013591232,-0.7941058135289049,-0.0896342734224468,0.07919997657044814,-0.26276002231766266,-0.6619375308045812,0.9694064741982916,2.771792949380129,0.7901055215593581,-0.6977298041843901,-0.5339003765699778,-0.4133697754201596,-0.729271887757638,-0.646565722944407,-0.31656268910192786,-0.2460161347683291
KP,KP7,-0.6564711290449339,-0.7415383559646073,2.5532230627493107,0.367519226058062,-0.7751859766576873,-0.9259837229190317,0.45994346451186363,0.12546327980549535,0.08067070175036124,-0.7023854660977017,0.7849328179349683,2.437243823639592,1.026973125853466,-0.7353311704966474,-0.7420732973274654,-0.5253734342989055,-0.7295581724109894,-0.6835906704753361,-0.2368332734179051,-0.38164483319190473
KP,KP8,-0.6268926330678138,-0.7098098360674925,2.5861715064409094,0.5344789370801832,-0.7897642628541879,-0.9164823927838566,-0.2387208967852306,0.05620171778503792,-0.22835175350727863,-0.6788348061493577,0.9373330916629224,2.4667433837993604,1.049832801545334,-0.7474871947480999,-0.46434350907898664,-0.5231963614616648,-0.7548086382130299,-0.5837888641176832,-0.19892948742186384,-0.16935080205720468
KP,KP9,-0.7119465704139828,-0.6836240805093922,2.76890192002595,0.5165763087199874,-0.7568983958786057,-0.8668476124641565,-0.016782434634594934,0.057938994984268126,-0.12052985265366235,-0.7454225929619996,0.9472442460386384,2.1193128469628073,1.2128423510193114,-0.7297684574862616,-0.6303678827853308,-0.500200713449648,-0.7641999804984079,-0.7010241499180091,-0.21462105453530278,-0.1805828895616061
PR8,PR81,-0.6674787324902832,-0.2919882916394442,1.069174731437497,0.48441792240975684,-0.8169913497855807,-1.0803943220909702,0.6580955635697471,-0.12292246629958274,-0.3043218892661401,-0.971757347489022,0.20849901967198187,0.7856095390983456,2.607220602662706,-0.9338716739905228,-0.9822704856801936,-1.0268815220172722,-0.9022938332755173,-0.32751812598695124,1.5073160085530524,1.1083566526083957
PR8,PR810,-0.6046141892989105,-0.75580223191376,2.169610583293407,0.9738582600640676,-0.7750786297259772,-1.0126828696436128,0.4242529146070519,0.49797986673191147,0.0017573893237103864,-0.971509052087795,1.2343992189927862,1.5163921771502658,1.5281919054668955,-0.7651381619693356,-0.9469114749109505,-1.1403719093415472,-0.9361983877421824,-0.6714489736231842,0.35530089620520855,-0.12198733157805036
PR8,PR811,-0.6577469184725272,-0.45672831496595667,1.0940726530686888,0.7197972062945115,-0.8166467112419832,-1.2343020061603418,0.9933635133455092,0.6235974218399793,-0.058959007079913396,-1.1300955086304683,0.4136572670066473,1.3739955407590811,2.244306905521715,-1.041171801956676,-1.089917015326708,-1.0656837005871718,-0.941575236784411,-0.3781705664856305,1.073146913302143,0.335059366553519
PR8,PR812,-0.6933596444230385,-0.4273633947980795,1.1037405955262285,0.49045009732188066,-0.8839187066626403,-1.082800693792937,0.46860731985413323,0.3563242974965826,-0.2128288064726889,-1.1022857739373824,0.25870934362449977,0.7736518157381415,2.4258303648238306,-0.9766128977484421,-1.029029302569019,-0.9886528323597911,-0.8951858781411226,-0.20580230447628478,1.810087222590455,0.8104391784056783
PR8,PR813,-0.6924638070442223,-0.5137700152240045,1.0100022236981347,0.3572342630984118,-0.8239540373107408,-1.1183181623419132,1.0598400747098682,0.29559768493699695,-0.2882767385397515,-1.0839433537852525,0.5753682188759777,1.011327480660414,2.3793921375771694,-0.967580018757259,-1.098961215353038,-1.0586947130094624,-0.8683976828130652,-0.34308154789726764,1.4061296266403742,0.7625495818786279
PR8,PR814,-0.6436705761620911,-0.4476809668190716,1.4947638241368382,0.603186212261627,-0.8200791408581023,-1.160027337610906,0.6670141400615723,-0.015432325176176665,-0.2838185688527499,-0.9694641990346787,0.2638737603748236,1.6480488882505977,2.3059869540487195,-0.9131240243413599,-0.9511384931240697,-1.021282630327306,-0.919532116214358,-0.4435286642602288,1.0113909730318495,0.5945142906150691
PR8,PR815,-0.7086013997464278,-0.2964938783351495,0.8799564125942947,0.15828328766345798,-0.8963299100676457,-1.1179215022576576,1.0401350329777532,0.35225729573274933,-0.21221947585425777,-1.0190217888398816,0.5561268332008603,1.056329999555214,2.504330315925445,-1.0232353713046738,-1.0119676879800674,-1.0728140584124635,-0.9804232466389785,-0.3168568556945894,1.234221928688956,0.8742440687930646
PR8,PR816,-0.661274284462771,-0.22941243352506197,0.932731885843194,0.27073551014119723,-0.7627357397647794,-1.123107144759041,0.16961865445334587,0.015229245819352954,-0.31846049284476874,-1.0055694851457404,0.36300546597602706,1.5408917374387012,2.4356071750746064,-0.9033505169498031,-0.9435353735437839,-1.06125773951311,-0.925536294245795,-0.3603872044279758,1.4068083187802247,1.1599987156559828
PR8,PR817,-0.6330984730664277,-0.4635989842053396,1.1332374601774804,0.5708177418390853,-0.8230998565991744,-1.1860966447488162,0.48392212245383487,0.31799710682172816,-0.20885111845384552,-1.0849013772955889,0.6102274962676653,1.53613108658085,2.267350595457173,-0.9746506248561666,-0.9984179996292502,-1.0860201593746874,-0.9755738102291132,-0.4098974060140407,1.247848256294135,0.6766745885805074
PR8,PR818,-0.618528263494727,-0.27800354054463594,1.1010416804556358,0.41340743155783255,-0.780270468238021,-1.1469214718288723,0.6229632223203747,0.23558969923780354,-0.09654055184219366,-1.1793566579215138,0.5725208495878145,0.8076847259696703,2.538684608960065,-0.9612559350824312,-1.0620268175895495,-1.0508239118101668,-0.9386135888310196,-0.4029552792567818,1.4941735519531922,0.7292307163975222
PR8,PR819,-0.6834254646854157,-0.322932056593942,1.1171815103373446,0.2901404425623889,-0.8152763489111855,-1.1816131851697076,0.25650072019547504,0.3025683664112896,-0.26104399381261983,-1.052415594276874,0.49575618974207064,1.4697449464580572,2.437783186694423,-0.9179725587447648,-0.9971614898871957,-1.035183688145158,-0.956572673310401,-0.2926053821983613,1.3384623902476618,0.8080646830869161
PR8,PR82,-0.6610783870161561,-0.3883023431162988,0.9570301106560282,0.18348737637639773,-0.8661361564875162,-1.1215179755769382,0.6482880013105815,0.3431527938031726,-0.33263913279361307,-1.001377335080247,0.39996960795581005,1.6403099537879056,2.237985848246326,-0.94133159574592,-1.012924349795989,-1.038324536511764,-0.9623053419944133,-0.4335838020578681,1.3748414360328434,0.9744558280076542
PR8,PR820,-0.5343975918297768,-0.32407739374794003,0.7720122186706525,0.270949972320313,-0.8418766332653489,-1.1072529076222097,1.3813205398018598,0.36631001719193923,-0.21532936540553946,-1.061372777485964,0.6521459544944456,0.7110640395678334,2.6873801172400316,-0.9518837807460844,-1.1123245903304944,-1.026170409455811,-0.9469360434948835,-0.3126881774757528,1.0943230701946547,0.49880374137808453
PR8,PR83,-0.6715556330236296,-0.33668319265620905,0.71236578385692,0.40059129981368224,-0.8301806564521522,-1.0910246951473823,0.17060194695761718,0.36032671510615655,-0.30195607474992825,-0.9786723377646085,0.3063735554415251,1.1360029839962602,2.4909043464666745,-0.9378737005460891,-1.0261141837073975,-1.018068850832064,-0.9369063107801883,-0.2835315902521544,1.6863835940917895,1.149017000181173
PR8,PR84,-0.6732494604307416,-0.4609776771428547,0.7970644693744795,0.2442228097607929,-0.8264026487381729,-1.0794519028661167,1.326968870815356,0.32018029251813246,-0.3198067741273534,-1.0420501316030992,0.5597353653525369,0.7687979886848931,2.6937501074415233,-0.8962546154890594,-1.0305777608240916,-0.9991255047473985,-0.8995328428898758,-0.23172762568191244,1.2766998395730238,0.4717372010199394
PR8,PR85,-0.6709451635368567,-0.31608572997202833,1.0013506604983262,0.1624996265126965,-0.8169649764921142,-1.0924200064644212,0.15184913085767532,0.0930651940572857,-0.3436265923212212,-1.0101270806647131,0.29584991997127835,1.4507847841419224,2.512789711526536,-0.9518048587951278,-0.9230768726839731,-1.026609633217364,-0.862570040593628,-0.20174365422350965,1.4173585301708405,1.1304270512283972
PR8,PR86,-0.5527156704136796,-0.16286609678983946,0.7046653574248484,0.3205809259417625,-0.8482658668222248,-1.0225822609345037,1.4684342562289832,0.7516061435564351,-0.2833244573705189,-1.231795683863401,0.4875913321531323,0.45157088162585124,2.50051082712491,-0.9807215901242959,-1.07558737593419,-0.8685674484067005,-1.0564770591264316,-0.2669132884707107,1.4820558969894064,0.18280117721115888
PR8,PR87,-0.5987276985937205,-0.2181205989469762,1.0002711004131277,0.34907004091224847,-0.9170332629811079,-1.1866825478941048,1.0789510306779775,0.3654739352150135,-0.2041330990482982,-1.167168122434289,0.6629741144044393,1.232737812731294,2.3229066814787114,-0.9638338272150871,-1.106945852610165,-1.0891162021690346,-0.9626189094084714,-0.31769221199492154,1.2591900646744927,0.46049755278887067
PR8,PR88,-0.24513877842278667,-0.02963071831591864,0.183056426746653,0.17203546111342902,-0.8475609449480243,-1.0469172915174003,2.1244623415871278,1.0339940198281514,-0.2265978000889651,-1.2331568140916287,0.843480485850531,0.6582059717495717,1.9521320612350288,-1.0045779427869614,-1.1322316512519877,-0.8780923270416516,-0.9689071422682788,-0.4292040154259672,1.3083314939670236,-0.23368283591794298
PVM,PVM1,-0.6850581985260666,-0.5852355056032347,2.1607381165852626,1.1925484141942198,-0.783903519193119,-1.0732304742907302,1.463178179639678,0.1410725569138265,-0.017416470508802462,-0.9834833044438975,0.6808357808128686,0.6742085313793925,1.8651650376992868,-0.8207665150746353,-0.9741250964758736,-1.017654433663749,-0.8825895972720623,-0.5771120705986674,0.1841765559257843,0.038652012500519244
PVM,PVM10,-0.6411805358393603,-0.37495606649588353,0.3423938390666267,0.07839387543522737,-0.8539129825132197,-0.9914401863675449,1.8196251161408628,0.36530807653279934,-0.12396824801283166,-1.0933968975859696,0.8873638598838358,0.46303813604067195,2.740936591400905,-0.96072673567564,-0.9537243269252854,-0.8756042847034803,-0.8863499912424786,-0.2771761984839359,0.8792835338936784,0.45609342545101955
PVM,PVM11,-0.6741419785302178,-0.4802141359746714,0.7433311645890555,0.23547667745404857,-0.9552840603919751,-0.9705048445916421,2.175625338822171,0.4565684599262629,0.0020021413283187327,-0.9734903386438369,0.8508258828107124,0.5154304443377233,2.4834231940885765,-0.8296303293976046,-0.904888764533776,-0.9629856159324921,-0.8968902242152503,-0.5363233913975826,0.4586283733772973,0.26304200687488427
PVM,PVM12,-0.6607680389406733,-0.36753406606114813,0.6636745120093506,0.19675740053011975,-0.8327467730778658,-1.0184425506827435,1.1758072192033737,0.18911866591450702,-0.1846654900844945,-1.040183120060957,0.6277918946117076,1.184741053354856,2.829923411358736,-0.9351413390407443,-0.994471847043701,-0.9722394797191495,-0.9027358225974907,-0.35572154465038097,0.97419414557546,0.4226417694012404
PVM,PVM13,-0.7008616352057497,-0.5652401069825831,1.1680796067016377,0.5208055903247315,-0.8102945982406808,-0.9976851005450458,2.2050858625489758,0.07546490772896802,-0.04336951581049434,-0.927740652591173,1.0150895409051357,0.8796554807726588,2.1465651240578585,-0.8450768415357124,-0.963843867853228,-0.9904759258332325,-0.8707743193995612,-0.5498487981686965,0.27200886020754056,-0.01754361108134856
PVM,PVM14,-0.6516869358157658,-0.6206301591143744,2.0323325051839443,0.7693449427704754,-0.8377202365296558,-1.0494610420690909,1.7415834489000697,0.23049828904866002,0.07630981226809573,-0.9480557274054227,0.930449373173294,0.3881061609003616,1.9639284607096328,-0.8805063976960014,-0.9389786260594482,-0.9912268734868588,-0.8731588805188847,-0.55679376172459,0.2884903989949268,-0.07282475152936914
PVM,PVM15,-0.6636728270336147,-0.6084853871333589,1.0953650651660862,0.53917665003607,-0.7473823794233216,-0.9576645574542059,2.340059916904088,0.2742817163628931,-0.010888998673678695,-0.9357670945769395,1.0683562902336583,0.7234808622669817,2.0453147558582074,-0.8993978319917333,-0.9665805272931424,-0.9739774883405894,-0.8700032353789917,-0.630915754388652,0.2958455626904131,-0.11714473783016947
PVM,PVM16,-0.629416642775129,-0.37662689383449466,0.7305215779492242,0.36883240162006,-0.8520617312483811,-1.061045400856103,1.9522966904187617,0.455452994210048,-0.08038619870892708,-0.9688047010659966,1.0840674658190494,0.23966958521445259,2.5225465824819002,-0.9466470877749433,-1.0531831767844813,-0.9481876510385315,-0.895289778601248,-0.3766968507042358,0.7209708740889131,0.1139879415900542
PVM,PVM17,-0.6958244064804073,-0.5131333669504881,1.1169532462727123,0.6344091636441599,-0.9119061750499133,-1.0963168890776978,2.0374348724000577,0.1659388790993815,-8.152386272231066e-05,-0.9493864852887505,0.7737828374892383,1.3076275899467564,2.073616855742939,-0.8531898412293727,-0.9647651673235791,-0.9782778850841948,-0.9066272331798847,-0.5306312430723675,0.3891323650465122,-0.09875559304238574
PVM,PVM18,-0.6894728419788165,-0.6908116793235844,1.3050841605986812,0.4924598812637245,-0.8285453933582985,-1.0503563550725508,1.8678109589816136,0.36640435646976127,0.026356795649866108,-0.9981048094104468,0.8323446422243568,1.6159677803457133,1.88531672663796,-0.8715675420828722,-0.9764828754879892,-0.9910712312712412,-0.9009624499447295,-0.49295910668823206,0.24739767925951128,-0.14880869681241932
PVM,PVM19,-0.7036255204458127,-0.565444230858311,1.2641371818154998,0.6900353176971872,-0.8838547299231864,-1.049037677005911,2.332574677178096,0.4920311543844047,0.15595476421727403,-0.9882296821440077,0.9293995172196738,0.9032046096938388,1.651137988905056,-0.9239350557333424,-1.0522397863821993,-0.9574738843498777,-0.9569609754741374,-0.5488989651564327,0.21187214355627698,-0.0006468471940843306
PVM,PVM2,-0.6863201130510674,-0.6539414874193631,1.2645702993672927,0.7665149986228299,-0.780043528163474,-1.0183411304866659,1.808711282680861,0.30593979940578053,-0.10408918917345199,-1.0474609709726754,0.7286708799006649,1.0172494385593733,2.1635849909755835,-0.8998537261998112,-1.0365637182124732,-1.014068628019638,-0.956528492107247,-0.5609399150157124,0.6343642318113994,0.068544977497798
PVM,PVM3,-0.7314176542440637,-0.5813691219493327,1.2643207899640156,0.4271469406143968,-0.788640845568377,-1.0090781782302438,2.302575878012893,0.278977211999832,-0.042636142920199654,-0.9219067047376602,0.8440977802676307,0.6720936550436167,2.0825215190565305,-0.9095704668969682,-0.9758353031194215,-0.9925342810594522,-0.887631852926159,-0.5149337684124788,0.3807938930312656,0.1030266520741779
PVM,PVM4,-0.7521287203127497,-0.5733061122587771,1.4784212326006565,0.5968903406715237,-0.8109500680404101,-1.0159076133677498,1.8437503501538397,0.13489686209863572,-0.014252579928993883,-0.9622483982305841,0.8913451746874617,1.159484286697557,2.0945000085438754,-0.849367740475022,-0.941620695849787,-1.034157388767081,-0.934271718205806,-0.5938026163743733,0.31650580273613,-0.03378040637834151
PVM,PVM5,-0.7070070130490467,-0.5387514226556794,1.1448285923892543,0.5584710385694531,-0.7628492577746264,-1.0950153898388668,1.8936563349790698,0.24725085239676878,-0.018446930669676426,-1.0270140151152767,0.8692577169475624,1.0073114054361112,2.22228137013235,-0.9176216726242749,-0.9781535655387121,-0.9968242599170918,-0.9522596125981816,-0.5810154610652517,0.5978045829352198,0.034096707060900774
PVM,PVM6,-0.5659460741215186,-0.47229448667464896,0.09586117514082755,-0.07730936390999772,-0.8091673225156448,-0.9195183355402422,2.916632993376149,0.6173768463149235,0.0008625462846458881,-0.9086467651755781,0.7264693260205771,0.5769835441087442,2.072245375876833,-0.8221009724985311,-0.9404437166184533,-0.7431484619913998,-0.7589780835293451,-0.45531900403161923,0.4177468221035516,0.04869395738072683
PVM,PVM7,-0.6998546484391948,-0.49458944035664426,1.0297500647412219,0.5098250730776972,-0.7926417815392133,-0.9721539632242514,2.4741078212198393,0.08202162704240144,0.04374333807500633,-0.8874647248884577,0.9822698648099408,0.532763154938818,2.1742871526979317,-0.8882362702165694,-0.9115442226952551,-0.9073148078802463,-0.8363321896676327,-0.5607951999988283,0.14400499254461907,-0.021845840241179783
PVM,PVM8,-0.7487517832455897,-0.5971284377349713,0.9645427929380095,0.3713967949872151,-0.7944979656220222,-1.026261299042018,2.162689498160321,0.16127396509193093,0.07207981292022374,-0.9464473761517855,0.9244292786316218,1.4085358049571917,2.0312376359268085,-0.8542738225243895,-0.9554896712110023,-0.9894213307994676,-0.891610279937658,-0.4856195996865998,0.30908309309568704,-0.11576711075350428
PVM,PVM9,-0.6853351679639238,-0.5228613926496154,1.4539321078945318,0.7753657202122756,-0.8505838905589439,-1.0372303945607764,2.1877000495012737,0.18027554897132847,-0.04301442813779463,-0.9783191664768496,0.8874562841363368,0.8919504770247447,1.7924172206292053,-0.9075275589530066,-1.0371210380305804,-1.0117477755255082,-0.8914108750662426,-0.5221560385553397,0.41241226177799484,-0.09420194366910897
SP,SP1,-0.6241029776146929,-0.6398275152242725,2.930594397922984,1.7083892251513935,-0.6905194566718581,-0.9281644441216961,-0.004721398885393387,0.2705711599817937,0.4384451282729804,-0.8603216073923519,0.5950189940233589,0.8255291610218983,1.0740137805689571,-0.7467853974389405,-0.8307758590134936,-0.8487637563503474,-0.8663985296557435,-0.614354325285891,0.059658555635060125,-0.24748513492373936
SP,SP10,-0.6712261417599521,-0.5958215417270181,2.991245126333595,1.4014545694688183,-0.80555502070017,-0.9373921765127449,-0.02559123056976594,0.22264087109531164,0.3258977674315072,-0.9327772999369357,0.6939182220487154,1.1686840658661184,0.9919697676469393,-0.7884397097361558,-0.8658400553589388,-0.9193627296683033,-0.6936742503575561,-0.4382034687936081,-0.07012465887355869,-0.05180210589629636
SP,SP11,-0.7664458419144123,-0.6341996633919176,2.4331090153528936,1.4839666583003992,-0.8691959123501242,-1.0570765959997295,-0.177586870451125,0.3281731677739285,0.13704831790157201,-0.9325950494383919,0.7545688075832112,0.7941119396297968,1.8077354228091258,-0.7839735694386898,-0.9043284352191738,-0.9120703676226316,-0.8661105678298714,-0.5161582995818289,0.281974781434153,0.3990530624528089
SP,SP12,-0.5827431587067822,-0.6667278270554466,3.176528630546565,1.3025983105311878,-0.690530654089909,-0.886551930104023,-0.16293223893218917,0.4376351034644279,0.18219938323143614,-0.7528651058451563,0.7314186948881504,1.1892790630723558,0.789571041303559,-0.7352125624736183,-0.8191184787354819,-0.7278015878660412,-0.7603921914968871,-0.5671013152225336,-0.10697435032135692,-0.35027882618825723
SP,SP13,-0.603993670734154,-0.7193363406617957,3.0329395271236224,1.7181214757364154,-0.5305773240013443,-0.823300040594716,-0.3043326227807053,0.09671328023533804,0.17126087453257094,-0.7904157449655684,0.7073936436571528,0.8905791582672503,1.0636727593697044,-0.7765951596018733,-0.7409591971362428,-0.8551612690564633,-0.7944492404139368,-0.5358090674822868,-0.058586195602024736,-0.1471648458909366
SP,SP14,-0.7352719747497782,-0.6148594151296061,2.898276195550985,1.1983983583372206,-0.6208486845986788,-1.0383293882840594,0.024773863154367373,0.28178754723643745,0.2253741423861825,-0.8042115041864403,0.6724159399969162,1.2765948691109918,1.2473357290480331,-0.7690113053717785,-0.8683917541497407,-1.026816305975236,-0.8060348366502744,-0.5626397804060976,0.012536197003124487,0.008922107677425248
SP,SP15,-0.6124400453736325,-0.5141363108535525,3.156819391259598,1.7255850085502262,-0.5861123273069982,-0.8744016529258655,-0.21554838509156085,0.14805312511973703,0.12574896481442555,-0.7261566767483635,0.46868095165329515,0.897484449402573,0.9650677580949164,-0.6870337306760851,-0.8023707664956891,-0.815048264463617,-0.7230946841644602,-0.6254295904364272,-0.1681233623149377,-0.1375438520435779
SP,SP2,-0.7318163106066926,-0.7324145907151237,2.680915090764996,1.3376257309083386,-0.7505982590325889,-0.9647775250905778,0.2580492327136041,-0.01321537352924611,0.038416329148364195,-0.8250887312239442,0.7492535654232978,1.3339397573666298,1.5401586606391477,-0.77873658564464,-0.8726805573096205,-0.8142830672541218,-0.7474938241555007,-0.6347404080607961,-0.0419764476277849,-0.030536686713734978
SP,SP3,-0.5598542812266084,-0.5420328490740944,3.2462127467282578,1.6206668637173784,-0.7632814547856724,-0.8895939464291205,-0.13941878252513168,0.24134822039727769,0.13647426625329895,-0.7888344993591321,0.6327539521295776,1.1207379791201861,0.43292914192444204,-0.6699954532904895,-0.7484944961116179,-0.7533842639961544,-0.6167820189505059,-0.4453489271705185,-0.3032399538674477,-0.21086224348393
SP,SP4,-0.6320449005676293,-0.5966310365536903,2.8148276676453206,1.3919848149895577,-0.8019491752329664,-0.9330679743056757,-0.052796660355230986,0.2846950102613145,0.06876420466196154,-0.8679614336178557,0.5946720520142842,1.6571741398055895,0.9376446429852769,-0.7729217814203917,-0.8619541352472954,-0.9230203446036876,-0.747555674166017,-0.5420753346847921,0.034640617603563205,-0.05242469921163522
SP,SP5,-0.7609725763890698,-0.6978554421222373,2.6119253970539207,1.5041033403468576,-0.6671024725146371,-1.0398443884472954,0.20066483566287024,0.3294667766332029,0.11968443733199247,-0.7979031030857537,0.736963286305435,1.436907000776381,1.2815973529973195,-0.783199440594039,-0.7953218996105547,-0.9684964418374349,-0.7892259015860665,-0.6562697489380381,-0.11836995698677466,-0.14675105499608251
SP,SP6,-0.6688077238468456,-0.5779816491254114,2.197876389110614,1.114689294715535,-0.7726771700868594,-0.9243173145317937,-0.15331723606090716,0.3891846768426972,0.27970367901256016,-0.776842526591878,1.1892702310532761,2.2792488147776355,0.9170559129830296,-0.6581702200671274,-0.907782177572076,-0.9523433312647646,-0.728161159217033,-0.7428131763542755,-0.16851404907857195,-0.33530126469781163
SP,SP7,-0.7152155188706987,-0.7683357325836797,2.3035979545959466,1.121909066712378,-0.8532297111628818,-1.0081276108097337,-0.12214606365814419,0.4361709110781492,0.2161685471120575,-0.9300077976274727,0.8829339979500901,1.9477196375211698,1.2683596805733952,-0.7326744898716081,-0.9166444456464405,-0.9634088381360845,-0.7594911506785318,-0.6023737196044964,0.21135734873071216,-0.016562065624121828
SP,SP8,-0.6577842926306156,-0.6425681739116422,2.805992672772353,1.3004031879848827,-0.8205560422116499,-0.9628852983098132,0.41997366116845647,0.5090139986195489,0.11963969125211013,-0.8668591895843974,0.858102812702927,0.957802023794375,1.3525852489168269,-0.7895455516148588,-0.861973117868442,-0.8576494964692858,-0.8644556344423805,-0.6010135795554392,-0.11209259543610584,-0.2861303251768482
SP,SP9,-0.7511175610091666,-0.6026554130462054,2.8876758678924226,1.386120715084963,-0.6701802423914531,-0.8528072871137966,-0.04648796663975136,0.47879470416385006,0.2828541122319189,-0.8083360694388066,0.6936005154994629,1.5077375940266649,0.8056604571183577,-0.7501824378925486,-0.8646547280139334,-0.9734838177998464,-0.6892794403524457,-0.6761068501870899,-0.09531579077172433,-0.2618363613608755
Vir Con,CV1,-0.5958814632877736,-0.6532681624888449,0.41224542866471475,0.07579180841455044,-0.7522350911447695,-0.8175744435257503,2.644901733344184,0.30987483636749547,0.33410095581870847,-0.7312955234263284,1.3298997160422323,1.2043589505098031,1.9038623874067762,-0.6474310038954593,-0.8015640997458685,-0.8020001811512949,-0.7674322399149178,-0.6248096539927671,-0.4096576584789381,-0.6118862955157481
Vir Con,CV10,-0.5169308493497622,-0.4708309021645147,1.3537008330745774,0.4441007197054641,-0.7046759680752307,-1.0175075407804546,0.07730452600210055,1.5767867191336862,0.702410498736371,-0.6154609596150127,1.0568970214885258,2.874908030181202,-0.16567938762297132,-0.7871091431332948,-0.6285601714234229,-0.7797364893186768,-0.7707059518846809,-0.7206598495038744,-0.33776124045161926,-0.5704898949984089
Vir Con,CV11,-0.6984708522330115,-0.7670276607351694,1.0417651495009888,0.02520924655565861,-0.8055084616759429,-1.0116801143243215,1.8046264611545524,0.9924601630575104,0.8016937490006977,-0.6727827973462707,1.0424274723336606,2.163783073683526,1.1044612227894761,-0.6656958907245712,-0.9780653451248167,-0.936361949779038,-0.7662758182074066,-0.6407750406519473,-0.39150173081659434,-0.6422808764569771
Vir Con,CV12,-0.6935033063805782,-0.641204623707803,1.0637243227028372,0.03738987146701545,-0.5920220492770432,-1.0616142417241958,1.2465313528650028,1.0616913871920197,0.4633524638455421,-0.7964735807217785,1.1747289948172772,2.5904136519624634,1.0574617388753342,-0.7320867644188651,-0.9460723365963897,-0.8889333542020511,-0.8045329772605222,-0.6343986872049608,-0.2535071078505922,-0.6509447543827102
Vir Con,CV13,-0.6512342174667698,-0.6407814835977831,1.6110274070439023,0.5556585401638423,-0.5950788205700298,-1.0271870810627557,0.28149584604904704,1.4044402422187379,0.5161935767679771,-0.785940443418847,1.1577039182395152,2.4843991137193364,0.6964072204377557,-0.776871391507061,-0.8654520247866739,-0.884124381417912,-0.800696782003521,-0.7466258121622378,-0.19261282990748183,-0.7407205967390372
Vir Con,CV14,-0.6842632776460277,-0.5852899767471562,1.0621618025923636,0.3785300486747922,-0.6221949944222025,-1.2112826463227133,1.0124960510032033,1.1665229756288116,0.4314811506227908,-0.8629537941218411,1.3999530263792443,2.3848750904845035,0.9578147110253664,-0.8988483380740079,-0.9428728888504306,-1.190957799896131,-0.8167376946928466,-0.5512117102228621,-0.16753318656521923,-0.25968854884964193
Vir Con,CV15,-0.7222056524726024,-0.8122696551451588,0.8494805351359351,0.29466461648317793,-0.6325855747533726,-1.1295993717732664,0.8092186756436307,0.9309256139032418,0.41641563968041834,-0.8826119358999929,1.396756924745059,2.4935604317083184,1.404780688462034,-0.7345840020939574,-0.9400139515886893,-1.0297958459461845,-0.8365002726792854,-0.6932419621426553,0.045399399621303294,-0.2277943008879545
Vir Con,CV16,-0.5080339207568778,-0.6257613256312042,1.1133200351114,0.2616183616088442,-0.5900838292122386,-1.0770279923196238,0.3166647144113598,1.3548846819856188,0.7440010581719018,-1.0671385707327827,1.517008483226009,2.2918731938932266,1.1562219395516808,-0.8530013440147458,-0.9039760647122279,-0.9462797589483797,-0.899490129604843,-0.6224265641987776,-0.049267419146325125,-0.6131055486820196
Vir Con,CV17,-0.3359333660985578,-0.43169502802144855,0.9096663516231456,0.26060443643181025,-0.8864597449116145,-1.1440780057007403,1.0160476764743738,1.2854509481554501,0.4447270804183557,-0.9383275950716125,1.1399394044411644,2.390372520523445,1.3020274001995844,-0.6425896737473443,-0.9842082918931291,-1.0639151187568137,-0.710963412537916,-0.7567808072115769,-0.05090328318453723,-0.8029814911320379
Vir Con,CV18,-0.6261777201037224,-0.6567752617977822,0.86397614636324,0.11471505803871461,-0.6498665389189668,-1.1508473599753186,0.9829114185516546,0.7882310734156187,0.34260912969302576,-0.9327165474457009,1.273798010044692,2.3928093690983987,1.6178709578220218,-0.6974705601469525,-0.8867609517893528,-1.1541732321694798,-0.9204392820684023,-0.7392076423578293,0.2742196972663325,-0.2367057635201944
Vir Con,CV19,-0.29680404300584357,-0.4190734745251135,1.2709409540188485,0.6288373513491526,-0.9777675947222945,-0.981577711920208,-0.08005572764920521,0.9950738209492102,0.43900708088868107,-0.9465399071699766,1.6004548412128128,2.6229342752398748,0.7861690949661637,-0.7361297304375732,-0.9182056569494103,-0.9478925711921393,-0.8539692561862101,-0.6491590886389971,-0.06373499468168119,-0.4725076615460961
Vir Con,CV2,-0.5637001559071211,-0.6159753188102585,0.6670976270310768,0.7439972283114515,-0.5353354013670126,-0.9657045735514088,0.28398481241605333,0.8069352638695787,0.1439842880671157,-0.7038568834793247,1.0335564719991623,3.515294594624909,0.0923562401814303,-0.6650700219406492,-0.856700654708493,-0.667590344805525,-0.43773583056255627,-0.6025462808985981,-0.3326676440050729,-0.34032341646474923
Vir Con,CV20,-0.5046589059471825,-0.463554027007717,1.098042658842672,0.36041879264256105,-0.41183850715599635,-0.9641740392303227,0.2907981755252506,1.4730778506495634,0.4018135013990245,-0.930330617299164,1.2139313787790642,2.7823836900311982,0.7695151714978794,-0.7963581585885332,-0.9493880267331531,-0.9044503826285315,-0.7650846085727374,-0.5787121292937778,-0.3326361219111416,-0.7887956949989609
Vir Con,CV3,-0.5169909027804953,-0.4811539343927833,0.8607968586429433,0.20067991857616968,-0.7229179858000649,-0.9666675869206657,0.056937965700818806,1.0037702745564956,0.5495373356306795,-0.6505817482620184,1.1640782168683994,3.1351122744415254,1.0144166198524347,-0.6579088490074261,-0.849860853528316,-0.792687419412945,-0.8806776139524959,-0.5804856904216932,-0.3290391280350146,-0.5563577517555457
Vir Con,CV4,-0.44979283838600387,-0.7147479608594349,0.8693033930469104,0.44570975611971897,-0.6276249502321246,-0.9253229520752568,0.4612192940923183,1.025074163717306,0.2686695735639558,-0.8921904177953965,0.7280253090599718,3.2830505098635654,0.6473169319031207,-0.66874454141166,-0.7993215640427387,-1.0575778830182427,-0.8767004488123499,-0.45564604450262414,-0.19511152138165763,-0.0655878088493738
Vir Con,CV5,-0.47280744688759996,-0.7075832403249552,1.1362891254367755,-0.13769993456445073,-0.7762746286692234,-0.8991003489091404,0.8573832575293061,1.4015515619285936,0.3335731279237586,-0.964710286991467,1.916748338734071,2.32060730201014,0.6159864842166549,-0.8089496922723789,-0.918108980841776,-0.785535559163953,-0.7367440528464649,-0.6801972323032304,-0.26431449166066656,-0.43011330234399
Vir Con,CV6,-0.6023021972032123,-0.6258504558990778,1.1651048257129628,0.3259485669024727,-0.7439720802469616,-1.0234923046425275,1.0288896580568014,1.1901834661258623,0.5745465733207864,-0.8399781538242377,1.0102371241549777,2.6348687628855476,0.8916384284759848,-0.6830054214289552,-0.9033742122750388,-1.0189175001002473,-0.7926373123825567,-0.7210380230942318,-0.25013117170269966,-0.6167185728356525
Vir Con,CV7,-0.6418336230751986,-0.772679506529433,1.322198399005128,0.48285346703821436,-0.7606497550707624,-1.1136863231403757,0.7407866953893342,1.036508230178823,0.51333047486997,-0.8151236035342193,1.2490212056527568,2.3472864167345624,1.2860672065191567,-0.7996710552094729,-0.8978104931567978,-0.9828725651236694,-0.8001711535520142,-0.8125336750048058,-0.15804084597746484,-0.42297949601373125
Vir Con,CV8,-0.5026195673672602,-0.49905084872840827,0.6829855380144252,0.043322973946570885,-0.5928967979559755,-0.925026831604094,0.5343725035057577,1.1073520944304172,0.39195607144997024,-0.7959276316413338,1.5084330776095491,2.8959831317374385,1.0644079428301112,-0.7020196155771623,-0.9198586726415355,-0.9383719775169831,-0.7328672497942177,-0.7430820417908286,-0.30553393091854136,-0.571558167987896
Vir Con,CV9,-0.41785494684693064,-0.5336517714477391,1.2271289017558753,0.2729929520431165,-0.7022718236018748,-1.0204598262248459,0.023323955605993357,1.1742249533593108,0.7010958000745333,-0.8421447291956069,1.1089871285104378,2.8761382555982506,0.9407511469704998,-0.6750070752062314,-0.8649437018481461,-0.8821869176563714,-0.7582120288497131,-0.6041745646583868,-0.4323533503961796,-0.5913823579860032
